date,Real GDP,Core Inflation,Unemployment Rate,Labor Force Participation,Nominal GDP
1968-01-01,5057.553,3.65186106,3.7,59.2,909.387
1968-02-01,,3.673819411,3.8,59.6,
1968-03-01,,4.142163975,3.7,59.6,
1968-04-01,5142.033,4.155828095,3.5,59.5,934.344
1968-05-01,,4.088245437,3.5,59.9,
1968-06-01,,4.545569347,3.7,60.0,
1968-07-01,5181.859,4.753076334,3.7,59.8,950.825
1968-08-01,,4.9466066,3.5,59.6,
1968-09-01,,4.948246979,3.4,59.5,
1968-10-01,5202.212,5.182592347,3.4,59.5,968.03
1968-11-01,,5.399387944,3.4,59.6,
1968-12-01,,5.706347843,3.4,59.7,
1969-01-01,5283.597,5.746196961,3.4,59.6,993.337
1969-02-01,,5.749956071,3.4,60.0,
1969-03-01,,6.125157849,3.4,59.9,
1969-04-01,5299.625,6.505620421,3.4,60.0,1009.02
1969-05-01,,6.780633974,3.4,59.8,
1969-06-01,,6.375966005,3.5,60.1,
1969-07-01,5334.6,6.389268621,3.5,60.1,1029.956
1969-08-01,,6.414746498,3.5,60.3,
1969-09-01,,6.834758299,3.7,60.3,
1969-10-01,5308.556,6.560106336,3.7,60.4,1038.147
1969-11-01,,6.437390535,3.5,60.2,
1969-12-01,,6.402163808,3.5,60.2,
1970-01-01,5300.652,6.592370014,3.9,60.4,1051.2
1970-02-01,,7.053805927,4.2,60.4,
1970-03-01,,6.993096123,4.4,60.6,
1970-04-01,5308.164,6.817838113,4.6,60.6,1067.375
1970-05-01,,6.947734731,4.8,60.3,
1970-06-01,,7.151974844,4.9,60.2,
1970-07-01,5357.077,7.00787567,5.0,60.4,1086.059
1970-08-01,,7.114872285,5.1,60.3,
1970-09-01,,7.081263039,5.4,60.2,
1970-10-01,5299.672,7.057638255,5.5,60.4,1088.608
1970-11-01,,7.327620064,5.9,60.4,
1970-12-01,,7.342681298,6.1,60.4,
1971-01-01,5443.619,7.014858012,5.9,60.4,1135.156
1971-02-01,,6.329604979,5.9,60.1,
1971-03-01,,5.50160847,6.0,60.0,
1971-04-01,5473.059,5.306250794,5.9,60.1,1156.271
1971-05-01,,5.060279237,5.9,60.2,
1971-06-01,,5.239199701,5.9,59.8,
1971-07-01,5518.072,5.165044197,6.0,60.1,1177.675
1971-08-01,,4.913620811,6.1,60.2,
1971-09-01,,4.672385308,6.0,60.1,
1971-10-01,5531.032,4.376576593,5.8,60.1,1190.297
1971-11-01,,3.953153899,6.0,60.4,
1971-12-01,,3.677258309,6.0,60.4,
1972-01-01,5632.649,3.728280469,5.8,60.2,1230.609
1972-02-01,,3.841502967,5.7,60.2,
1972-03-01,,4.057916253,5.8,60.5,
1972-04-01,5760.47,3.971403024,5.7,60.4,1266.369
1972-05-01,,3.863863418,5.7,60.4,
1972-06-01,,3.488589959,5.7,60.4,
1972-07-01,5814.854,3.467340855,5.6,60.4,1290.566
1972-08-01,,3.366129082,5.6,60.6,
1972-09-01,,3.1247262,5.5,60.4,
1972-10-01,5912.22,3.331141241,5.6,60.3,1328.904
1972-11-01,,3.268535943,5.3,60.3,
1972-12-01,,3.147816809,5.2,60.5,
1973-01-01,6058.544,2.842802671,4.9,60.0,1377.49
1973-02-01,,2.881142745,5.0,60.5,
1973-03-01,,2.929374136,4.9,60.8,
1973-04-01,6124.506,3.031703085,5.0,60.8,1413.887
1973-05-01,,3.175423207,4.9,60.6,
1973-06-01,,3.098743668,4.9,60.9,
1973-07-01,6092.301,3.013319714,4.8,60.9,1433.838
1973-08-01,,3.322713188,4.8,60.7,
1973-09-01,,3.944607922,4.8,60.8,
1973-10-01,6150.131,4.765238145,4.6,60.9,1476.289
1973-11-01,,4.927794502,4.8,61.2,
1973-12-01,,5.30805948,4.9,61.2,
1974-01-01,6097.258,5.845776926,5.1,61.3,1491.209
1974-02-01,,6.291538116,5.2,61.4,
1974-03-01,,6.816162733,5.1,61.3,
1974-04-01,6111.751,7.104721156,5.1,61.1,1530.056
1974-05-01,,7.728315605,5.1,61.2,
1974-06-01,,8.616369341,5.4,61.2,
1974-07-01,6053.978,9.526994824,5.5,61.4,1560.026
1974-08-01,,10.103211029,5.5,61.2,
1974-09-01,,10.593110106,5.9,61.4,
1974-10-01,6030.464,10.561468061,6.0,61.3,1599.679
1974-11-01,,10.985727169,6.6,61.3,
1974-12-01,,11.496042915,7.2,61.2,
1975-01-01,5957.035,11.624378564,8.1,61.4,1616.116
1975-02-01,,11.784135357,8.1,61.0,
1975-03-01,,11.573788456,8.6,61.2,
1975-04-01,5999.61,11.698351766,8.8,61.3,1651.853
1975-05-01,,10.926931315,9.0,61.5,
1975-06-01,,10.432971739,8.8,61.2,
1975-07-01,6102.326,9.76743143,8.6,61.3,1709.82
1975-08-01,,8.920589927,8.4,61.3,
1975-09-01,,8.520421165,8.4,61.2,
1975-10-01,6184.53,8.109587525,8.4,61.2,1761.831
1975-11-01,,8.092959791,8.3,61.1,
1975-12-01,,7.685189103,8.2,61.1,
1976-01-01,6323.649,7.691042386,7.9,61.3,1820.487
1976-02-01,,7.373666255,7.7,61.3,
1976-03-01,,7.334813689,7.6,61.3,
1976-04-01,6370.025,6.847460223,7.7,61.6,1852.332
1976-05-01,,6.965887097,7.4,61.5,
1976-06-01,,6.871017008,7.6,61.5,
1976-07-01,6404.895,7.088593777,7.8,61.8,1886.558
1976-08-01,,7.352526572,7.8,61.8,
1976-09-01,,7.092183496,7.6,61.6,
1976-10-01,6451.177,6.878373933,7.7,61.6,1934.273
1976-11-01,,6.612229044,7.8,61.9,
1976-12-01,,6.196677638,7.8,61.8,
1977-01-01,6527.703,6.048908185,7.5,61.6,1988.648
1977-02-01,,6.05231412,7.6,61.9,
1977-03-01,,6.102888398,7.4,62.0,
1977-04-01,6654.466,6.580655715,7.2,62.1,2055.909
1977-05-01,,6.741041444,7.0,62.2,
1977-06-01,,6.920217354,7.2,62.4,
1977-07-01,6774.457,6.881150829,6.9,62.1,2118.473
1977-08-01,,6.832672177,7.0,62.3,
1977-09-01,,6.873489359,6.8,62.3,
1977-10-01,6774.592,6.950144555,6.8,62.4,2164.27
1977-11-01,,6.999499128,6.8,62.8,
1977-12-01,,7.363992642,6.4,62.7,
1978-01-01,6796.26,7.371987718,6.4,62.8,2202.76
1978-02-01,,7.341035476,6.3,62.7,
1978-03-01,,7.433603181,6.3,62.8,
1978-04-01,7058.92,7.413807475,6.1,63.0,2331.633
1978-05-01,,7.643491412,6.0,63.1,
1978-06-01,,7.679164103,5.9,63.3,
1978-07-01,7129.915,7.912838518,6.2,63.2,2395.053
1978-08-01,,8.176594615,5.9,63.2,
1978-09-01,,8.576148162,6.0,63.3,
1978-10-01,7225.75,9.03646557,5.8,63.3,2476.949
1978-11-01,,9.211524761,5.9,63.5,
1978-12-01,,9.058012586,6.0,63.6,
1979-01-01,7238.727,9.070516336,5.9,63.6,2526.61
1979-02-01,,9.571356337,5.9,63.8,
1979-03-01,,9.675145162,5.8,63.8,
1979-04-01,7246.454,9.918953512,5.8,63.5,2591.247
1979-05-01,,10.082376559,5.6,63.3,
1979-06-01,,10.269173247,5.7,63.5,
1979-07-01,7300.281,10.50434739,5.7,63.6,2667.565
1979-08-01,,10.93575743,6.0,63.6,
1979-09-01,,10.98372295,5.9,63.8,
1979-10-01,7318.535,11.257284188,6.0,63.7,2723.883
1979-11-01,,11.926588317,5.9,63.7,
1979-12-01,,12.734186684,6.0,63.9,
1980-01-01,7341.557,13.469735746,6.3,64.0,2789.842
1980-02-01,,13.599492679,6.3,64.0,
1980-03-01,,14.331667424,6.3,63.7,
1980-04-01,7190.289,14.755204998,6.9,63.8,2797.352
1980-05-01,,15.115272835,7.5,63.9,
1980-06-01,,15.774166719,7.6,63.7,
1980-07-01,7181.743,14.133410238,7.8,63.8,2856.483
1980-08-01,,13.268359535,7.7,63.7,
1980-09-01,,13.087752647,7.5,63.6,
1980-10-01,7315.677,13.084188753,7.5,63.7,2985.557
1980-11-01,,12.870601808,7.5,63.8,
1980-12-01,,12.685251999,7.2,63.6,
1981-01-01,7459.022,12.018100571,7.5,63.9,3124.206
1981-02-01,,11.229271193,7.4,63.9,
1981-03-01,,10.319341471,7.4,64.1,
1981-04-01,7403.745,9.710596634,7.2,64.2,3162.532
1981-05-01,,9.603160634,7.5,64.3,
1981-06-01,,9.212167638,7.5,63.7,
1981-07-01,7492.405,11.238230349,7.2,63.8,3260.609
1981-08-01,,11.81874206,7.4,63.8,
1981-09-01,,12.228963711,7.6,63.5,
1981-10-01,7410.768,11.266251913,7.9,63.8,3280.818
1981-11-01,,10.524035314,8.3,63.9,
1981-12-01,,9.855791699,8.5,63.6,
1982-01-01,7295.631,9.469843405,8.6,63.7,3274.302
1982-02-01,,9.539828014,8.9,63.8,
1982-03-01,,8.890430545,9.0,63.8,
1982-04-01,7328.912,9.081124943,9.3,63.9,3331.972
1982-05-01,,9.052945034,9.4,64.2,
1982-06-01,,8.878235542,9.6,63.9,
1982-07-01,7300.896,7.889386151,9.8,64.0,3366.322
1982-08-01,,7.329095724,9.8,64.1,
1982-09-01,,5.979568161,10.1,64.1,
1982-10-01,7303.817,5.978948458,10.4,64.1,3402.561
1982-11-01,,5.304532965,10.8,64.2,
1982-12-01,,4.248605204,10.8,64.1,
1983-01-01,7400.066,4.424606951,10.4,63.9,3473.413
1983-02-01,,4.356216055,10.4,63.8,
1983-03-01,,4.586331541,10.3,63.7,
1983-04-01,7568.456,4.187719488,10.2,63.8,3578.848
1983-05-01,,3.285270905,10.1,63.7,
1983-06-01,,2.582464401,10.1,64.3,
1983-07-01,7719.746,2.370321394,9.4,64.1,3689.179
1983-08-01,,2.293245829,9.5,64.3,
1983-09-01,,2.688915363,9.2,64.3,
1983-10-01,7880.794,2.837489986,8.8,64.0,3794.706
1983-11-01,,3.496604743,8.5,64.1,
1983-12-01,,4.455576949,8.3,64.1,
1984-01-01,8034.847,4.47100051,8.0,63.9,3908.054
1984-02-01,,4.509240951,7.8,64.1,
1984-03-01,,4.638826514,7.8,64.1,
1984-04-01,8173.67,4.632179596,7.7,64.3,4009.601
1984-05-01,,4.693964637,7.4,64.5,
1984-06-01,,4.773046608,7.2,64.6,
1984-07-01,8252.465,4.88156286,7.5,64.6,4084.25
1984-08-01,,5.017877611,7.5,64.4,
1984-09-01,,5.122410713,7.3,64.4,
1984-10-01,8320.199,5.086232886,7.4,64.4,4148.551
1984-11-01,,4.951399759,7.2,64.5,
1984-12-01,,5.03485707,7.3,64.6,
1985-01-01,8400.82,4.71440976,7.3,64.7,4230.168
1985-02-01,,4.860092398,7.2,64.7,
1985-03-01,,4.95037523,7.2,64.9,
1985-04-01,8474.787,4.742850309,7.3,64.9,4294.887
1985-05-01,,5.02421107,7.2,64.8,
1985-06-01,,5.042571195,7.4,64.6,
1985-07-01,8604.22,4.934458147,7.4,64.7,4386.773
1985-08-01,,4.931448285,7.1,64.6,
1985-09-01,,4.772256068,7.1,64.9,
1985-10-01,8668.188,4.87735108,7.1,65.0,4444.094
1985-11-01,,5.134382326,7.0,64.9,
1985-12-01,,5.015425836,7.0,65.0,
1986-01-01,8749.127,5.280952944,6.7,64.9,4507.894
1986-02-01,,5.109255446,7.2,65.0,
1986-03-01,,5.212476107,7.2,65.1,
1986-04-01,8788.524,5.352667382,7.1,65.1,4545.34
1986-05-01,,5.024657147,7.2,65.2,
1986-06-01,,5.026885723,7.2,65.4,
1986-07-01,8872.601,4.960427947,7.0,65.4,4607.669
1986-08-01,,4.823456322,6.9,65.3,
1986-09-01,,4.947499067,7.0,65.4,
1986-10-01,8920.193,4.881662479,7.0,65.4,4657.627
1986-11-01,,4.575152807,6.9,65.4,
1986-12-01,,4.654910621,6.6,65.3,
1987-01-01,8986.367,4.492110038,6.6,65.4,4722.156
1987-02-01,,4.45173175,6.6,65.5,
1987-03-01,,4.276017854,6.6,65.5,
1987-04-01,9083.256,4.371203735,6.3,65.4,4806.16
1987-05-01,,4.429512321,6.3,65.7,
1987-06-01,,4.187984457,6.2,65.5,
1987-07-01,9162.024,4.178766144,6.1,65.6,4884.555
1987-08-01,,4.293051178,6.0,65.7,
1987-09-01,,4.305931321,5.9,65.5,
1987-10-01,9319.332,4.356981982,6.0,65.7,5007.994
1987-11-01,,4.329616016,5.8,65.7,
1987-12-01,,4.291749243,5.7,65.7,
1988-01-01,9367.502,4.373233966,5.7,65.8,5073.372
1988-02-01,,4.375628463,5.7,65.9,
1988-03-01,,4.440936865,5.7,65.7,
1988-04-01,9490.594,4.37597416,5.4,65.8,5190.036
1988-05-01,,4.432652625,5.6,65.7,
1988-06-01,,4.673118224,5.4,65.8,
1988-07-01,9546.206,4.70086963,5.4,65.9,5282.835
1988-08-01,,4.674256215,5.6,66.1,
1988-09-01,,4.721200474,5.4,65.9,
1988-10-01,9673.405,4.607887381,5.4,66.0,5399.509
1988-11-01,,4.742903047,5.3,66.2,
1988-12-01,,4.790034691,5.3,66.1,
1989-01-01,9771.725,4.748201473,5.4,66.5,5511.253
1989-02-01,,4.783533199,5.2,66.3,
1989-03-01,,4.750414948,5.0,66.3,
1989-04-01,9846.293,4.618488017,5.2,66.4,5612.463
1989-05-01,,4.742747969,5.2,66.3,
1989-06-01,,4.74510822,5.3,66.5,
1989-07-01,9919.228,4.893807623,5.2,66.5,5695.365
1989-08-01,,4.854148787,5.2,66.5,
1989-09-01,,4.669891213,5.3,66.4,
1989-10-01,9938.767,4.802933382,5.3,66.5,5747.237
1989-11-01,,4.797568826,5.4,66.6,
1989-12-01,,4.829006386,5.4,66.5,
1990-01-01,10047.386,4.905908309,5.4,66.8,5872.701
1990-02-01,,4.91755923,5.3,66.7,
1990-03-01,,5.19152475,5.2,66.7,
1990-04-01,10083.855,5.276985365,5.4,66.6,5960.028
1990-05-01,,5.166732439,5.4,66.6,
1990-06-01,,5.370697673,5.2,66.4,
1990-07-01,10090.569,5.516605952,5.5,66.5,6015.116
1990-08-01,,5.836270781,5.7,66.5,
1990-09-01,,5.930360317,5.9,66.4,
1990-10-01,9998.704,5.798506168,5.9,66.4,6004.733
1990-11-01,,5.683108196,6.2,66.4,
1990-12-01,,5.651092078,6.3,66.4,
1991-01-01,9951.916,5.815290409,6.4,66.2,6035.178
1991-02-01,,5.8623588,6.6,66.2,
1991-03-01,,5.474284579,6.8,66.3,
1991-04-01,10029.51,5.276160434,6.7,66.4,6126.862
1991-05-01,,5.222445891,6.9,66.2,
1991-06-01,,4.934653949,6.9,66.2,
1991-07-01,10080.195,4.713410392,6.8,66.1,6205.937
1991-08-01,,4.393094508,6.9,66.0,
1991-09-01,,4.443594793,6.9,66.2,
1991-10-01,10115.329,4.288991989,7.0,66.1,6264.54
1991-11-01,,4.34967757,7.0,66.1,
1991-12-01,,4.346967664,7.3,66.0,
1992-01-01,10236.435,4.052308746,7.3,66.3,6363.102
1992-02-01,,3.861765064,7.4,66.2,
1992-03-01,,3.975844252,7.4,66.4,
1992-04-01,10347.429,4.066438773,7.4,66.5,6470.763
1992-05-01,,3.926410529,7.6,66.6,
1992-06-01,,3.860188559,7.8,66.7,
1992-07-01,10449.673,3.769367667,7.7,66.7,6566.641
1992-08-01,,3.628120085,7.6,66.6,
1992-09-01,,3.349237754,7.6,66.5,
1992-10-01,10558.648,3.6359146,7.3,66.2,6680.803
1992-11-01,,3.629469745,7.4,66.3,
1992-12-01,,3.478262556,7.4,66.3,
1993-01-01,10576.275,3.528455109,7.3,66.2,6729.459
1993-02-01,,3.561853788,7.1,66.2,
1993-03-01,,3.334428143,7.0,66.2,
1993-04-01,10637.847,3.404237829,7.1,66.1,6808.939
1993-05-01,,3.532736691,7.1,66.4,
1993-06-01,,3.569326945,7.0,66.5,
1993-07-01,10688.606,3.422616714,6.9,66.4,6882.098
1993-08-01,,3.508810757,6.8,66.4,
1993-09-01,,3.642383692,6.7,66.2,
1993-10-01,10833.987,3.424737275,6.8,66.3,7013.738
1993-11-01,,3.436277096,6.6,66.3,
1993-12-01,,3.548475916,6.5,66.4,
1994-01-01,10939.116,3.375759896,6.6,66.6,7115.652
1994-02-01,,3.415920384,6.6,66.6,
1994-03-01,,3.570150943,6.5,66.5,
1994-04-01,11087.361,3.354397547,6.4,66.5,7246.931
1994-05-01,,3.225532887,6.1,66.6,
1994-06-01,,3.194738495,6.1,66.4,
1994-07-01,11152.176,3.233880147,6.1,66.4,7331.075
1994-08-01,,3.306714086,6.0,66.6,
1994-09-01,,3.254281644,5.9,66.6,
1994-10-01,11279.932,3.164264289,5.8,66.7,7455.288
1994-11-01,,3.128282179,5.6,66.7,
1994-12-01,,2.901446577,5.5,66.7,
1995-01-01,11319.951,3.144200833,5.6,66.8,7522.289
1995-02-01,,3.124100115,5.4,66.8,
1995-03-01,,3.167481169,5.4,66.7,
1995-04-01,11353.721,3.306684647,5.8,66.9,7580.997
1995-05-01,,3.355294523,5.6,66.5,
1995-06-01,,3.332283478,5.6,66.5,
1995-07-01,11450.31,3.386948974,5.7,66.6,7683.125
1995-08-01,,3.23814109,5.7,66.6,
1995-09-01,,3.351697522,5.6,66.6,
1995-10-01,11528.067,3.46411606,5.5,66.6,7772.586
1995-11-01,,3.37996065,5.6,66.5,
1995-12-01,,3.379829487,5.6,66.4,
1996-01-01,11614.418,3.277075064,5.6,66.4,7868.468
1996-02-01,,3.259936249,5.5,66.6,
1996-03-01,,3.134500987,5.5,66.6,
1996-04-01,11808.14,3.004778103,5.6,66.7,8032.84
1996-05-01,,3.047772222,5.6,66.7,
1996-06-01,,3.051784638,5.3,66.7,
1996-07-01,11914.063,3.087421545,5.5,66.9,8131.408
1996-08-01,,3.083473301,5.1,66.7,
1996-09-01,,3.063090207,5.2,66.9,
1996-10-01,12037.775,2.943741816,5.2,67.0,8259.771
1996-11-01,,2.980390413,5.4,67.0,
1996-12-01,,3.05642197,5.4,67.0,
1997-01-01,12115.472,2.91241515,5.3,67.0,8362.655
1997-02-01,,2.802464903,5.2,66.9,
1997-03-01,,2.854608076,5.2,67.1,
1997-04-01,12317.221,2.910920374,5.1,67.1,8518.825
1997-05-01,,2.870203143,4.9,67.1,
1997-06-01,,2.828445596,5.0,67.1,
1997-07-01,12471.01,2.752239262,4.9,67.2,8662.823
1997-08-01,,2.653670773,4.8,67.2,
1997-09-01,,2.544804261,4.9,67.1,
1997-10-01,12577.495,2.618900715,4.7,67.1,8765.907
1997-11-01,,2.548580799,4.6,67.2,
1997-12-01,,2.621535622,4.7,67.2,
1998-01-01,12703.742,2.673178027,4.6,67.1,8866.48
1998-02-01,,2.691552555,4.6,67.1,
1998-03-01,,2.672304266,4.7,67.1,
1998-04-01,12821.339,2.640497846,4.3,67.0,8969.699
1998-05-01,,2.611332031,4.4,67.0,
1998-06-01,,2.600204475,4.5,67.0,
1998-07-01,12982.752,2.603335947,4.5,67.0,9121.097
1998-08-01,,2.633982138,4.5,67.0,
1998-09-01,,2.594217982,4.6,67.2,
1998-10-01,13191.67,2.535056337,4.5,67.2,9293.991
1998-11-01,,2.523581703,4.4,67.1,
1998-12-01,,2.437823,4.4,67.2,
1999-01-01,13315.597,2.383116,4.3,67.2,9411.682
1999-02-01,,2.316234,4.4,67.2,
1999-03-01,,2.237507,4.2,67.0,
1999-04-01,13426.748,2.226592,4.3,67.1,9526.21
1999-05-01,,2.153318,4.2,67.1,
1999-06-01,,2.070264,4.3,67.1,
1999-07-01,13604.771,2.111144,4.3,67.1,9686.626
1999-08-01,,2.094839,4.2,67.0,
1999-09-01,,2.070746,4.2,67.0,
1999-10-01,13827.98,2.04962,4.1,67.0,9900.169
1999-11-01,,2.147821,4.1,67.1,
1999-12-01,,2.167848,4.0,67.1,
2000-01-01,13878.147,2.335519,4.0,67.3,10002.179
2000-02-01,,2.379221,4.1,67.3,
2000-03-01,,2.483286,4.0,67.3,
2000-04-01,14130.908,2.409239,3.8,67.3,10247.72
2000-05-01,,2.558647,4.0,67.1,
2000-06-01,,2.701492,4.0,67.1,
2000-07-01,14145.312,2.71297,4.0,66.9,10318.165
2000-08-01,,2.874818,4.1,66.9,
2000-09-01,,2.897082,3.9,66.9,
2000-10-01,14229.765,2.919941,3.9,66.8,10435.744
2000-11-01,,2.870145,3.9,66.9,
2000-12-01,,2.972089,3.9,67.0,
2001-01-01,14183.12,2.878468,4.2,67.2,10470.231
2001-02-01,,2.979742,4.2,67.1,
2001-03-01,,2.961886,4.3,67.2,
2001-04-01,14271.694,3.091112,4.4,66.9,10599.0
2001-05-01,,3.07401,4.3,66.7,
2001-06-01,,3.200619,4.5,66.7,
2001-07-01,14214.516,3.207811,4.6,66.8,10598.02
2001-08-01,,3.251713,4.9,66.5,
2001-09-01,,3.388746,5.0,66.8,
2001-10-01,14253.574,3.484066,5.3,66.7,10660.465
2001-11-01,,3.601999,5.5,66.7,
2001-12-01,,3.56492,5.7,66.7,
2002-01-01,14372.785,3.557463,5.7,66.5,10783.5
2002-02-01,,3.527436,5.7,66.8,
2002-03-01,,3.46848,5.7,66.6,
2002-04-01,14460.848,3.465822,5.9,66.7,10887.46
2002-05-01,,3.452132,5.8,66.7,
2002-06-01,,3.241692,5.8,66.6,
2002-07-01,14519.633,3.263706,5.8,66.5,10984.04
2002-08-01,,3.146595,5.7,66.6,
2002-09-01,,3.026606,5.7,66.7,
2002-10-01,14537.58,2.937194,5.7,66.6,11061.433
2002-11-01,,2.824322,5.9,66.4,
2002-12-01,,2.792164,6.0,66.3,
2003-01-01,14614.141,2.778159,5.8,66.4,11174.129
2003-02-01,,2.69562,5.9,66.4,
2003-03-01,,2.619135,5.9,66.3,
2003-04-01,14743.567,2.450573,6.0,66.4,11312.766
2003-05-01,,2.338588,6.1,66.4,
2003-06-01,,2.261697,6.3,66.5,
2003-07-01,14988.782,2.228217,6.2,66.2,11566.669
2003-08-01,,2.155287,6.1,66.1,
2003-09-01,,2.174311,6.1,66.1,
2003-10-01,15162.76,2.150681,6.0,66.1,11772.234
2003-11-01,,2.025956,5.8,66.1,
2003-12-01,,1.967767,5.7,65.9,
2004-01-01,15248.68,1.949813,5.7,66.1,11923.447
2004-02-01,,2.037157,5.6,66.0,
2004-03-01,,2.126567,5.8,66.0,
2004-04-01,15366.85,2.247883,5.6,65.9,12112.815
2004-05-01,,2.228612,5.6,66.0,
2004-06-01,,2.370793,5.6,66.1,
2004-07-01,15512.619,2.254997,5.5,66.1,12305.307
2004-08-01,,2.249671,5.4,66.0,
2004-09-01,,2.23192,5.4,65.8,
2004-10-01,15670.88,2.229333,5.5,65.9,12527.214
2004-11-01,,2.293798,5.4,66.0,
2004-12-01,,2.304188,5.4,65.9,
2005-01-01,15844.727,2.308836,5.3,65.8,12767.286
2005-02-01,,2.279146,5.4,65.9,
2005-03-01,,2.238654,5.2,65.9,
2005-04-01,15922.782,2.231837,5.2,66.1,12922.656
2005-05-01,,2.350311,5.1,66.1,
2005-06-01,,2.191008,5.0,66.1,
2005-07-01,16047.587,2.292571,5.0,66.1,13142.642
2005-08-01,,2.256804,4.9,66.2,
2005-09-01,,2.326514,5.0,66.1,
2005-10-01,16136.734,2.318218,5.0,66.1,13324.204
2005-11-01,,2.424911,5.0,66.0,
2005-12-01,,2.463042,4.9,66.0,
2006-01-01,16353.835,2.444816,4.7,66.0,13599.16
2006-02-01,,2.492938,4.8,66.1,
2006-03-01,,2.575349,4.7,66.2,
2006-04-01,16396.151,2.67529,4.7,66.1,13753.424
2006-05-01,,2.778406,4.6,66.1,
2006-06-01,,3.029285,4.6,66.2,
2006-07-01,16420.738,3.089187,4.7,66.1,13870.188
2006-08-01,,3.219901,4.7,66.2,
2006-09-01,,3.207054,4.5,66.1,
2006-10-01,16561.866,3.285968,4.4,66.2,14039.56
2006-11-01,,3.141252,4.5,66.3,
2006-12-01,,3.1159,4.4,66.4,
2007-01-01,16611.69,3.136734,4.6,66.4,14215.651
2007-02-01,,3.152428,4.5,66.3,
2007-03-01,,3.099888,4.4,66.2,
2007-04-01,16713.314,2.957465,4.5,65.9,14402.082
2007-05-01,,2.774199,4.4,66.0,
2007-06-01,,2.621714,4.6,66.0,
2007-07-01,16809.587,2.525322,4.7,66.0,14564.117
2007-08-01,,2.459164,4.6,65.8,
2007-09-01,,2.475003,4.7,66.0,
2007-10-01,16915.191,2.494632,4.7,65.8,14715.058
2007-11-01,,2.64947,4.7,66.0,
2007-12-01,,2.712396,5.0,66.0,
2008-01-01,16843.003,2.747695,5.0,66.2,14706.538
2008-02-01,,2.617738,4.9,66.0,
2008-03-01,,2.688949,5.1,66.1,
2008-04-01,16943.291,2.725505,5.0,65.9,14865.701
2008-05-01,,2.793043,5.4,66.1,
2008-06-01,,2.933931,5.6,66.1,
2008-07-01,16854.295,3.010504,5.8,66.1,14898.999
2008-08-01,,3.080765,6.1,66.1,
2008-09-01,,3.071629,6.1,66.0,
2008-10-01,16485.35,2.922213,6.5,66.0,14608.209
2008-11-01,,2.777101,6.8,65.9,
2008-12-01,,2.614507,7.3,65.8,
2009-01-01,16298.262,2.535975,7.8,65.7,14430.902
2009-02-01,,2.54257,8.3,65.8,
2009-03-01,,2.437701,8.7,65.6,
2009-04-01,16269.145,2.359914,9.0,65.7,14381.236
2009-05-01,,2.273815,9.4,65.7,
2009-06-01,,2.078064,9.5,65.7,
2009-07-01,16326.281,1.910212,9.5,65.5,14448.882
2009-08-01,,1.757047,9.6,65.4,
2009-09-01,,1.602846,9.8,65.1,
2009-10-01,16502.754,1.509202,10.0,65.0,14651.249
2009-11-01,,1.361569,9.9,65.0,
2009-12-01,,1.318775,9.9,64.6,
2010-01-01,16582.71,1.170764,9.8,64.8,14764.61
2010-02-01,,1.048684,9.8,64.9,
2010-03-01,,0.9255025,9.9,64.9,
2010-04-01,16743.162,0.869413,9.9,65.2,14980.193
2010-05-01,,0.7933019,9.6,64.9,
2010-06-01,,0.7780126,9.4,64.6,
2010-07-01,16872.266,0.7440706,9.4,64.6,15141.607
2010-08-01,,0.6911157,9.5,64.7,
2010-09-01,,0.6638685,9.5,64.6,
2010-10-01,16960.864,0.6723344,9.4,64.4,15309.474
2010-11-01,,0.8233069,9.8,64.6,
2010-12-01,,0.8307821,9.3,64.3,
2011-01-01,16920.632,0.9539952,9.1,64.2,15351.448
2011-02-01,,1.117829,9.0,64.1,
2011-03-01,,1.179972,9.0,64.2,
2011-04-01,17035.114,1.210295,9.1,64.2,15557.539
2011-05-01,,1.256079,9.0,64.1,
2011-06-01,,1.29395,9.1,64.0,
2011-07-01,17031.313,1.41844,9.0,64.0,15647.68
2011-08-01,,1.651442,9.0,64.1,
2011-09-01,,1.721515,9.0,64.2,
2011-10-01,17222.583,1.835844,8.8,64.1,15842.259
2011-11-01,,1.835434,8.6,64.1,
2011-12-01,,2.045078,8.5,64.0,
2012-01-01,17367.01,2.113351,8.3,63.7,16068.805
2012-02-01,,2.01608,8.3,63.8,
2012-03-01,,2.122799,8.2,63.8,
2012-04-01,17444.525,2.191796,8.2,63.7,16207.115
2012-05-01,,2.188203,8.2,63.7,
2012-06-01,,2.238926,8.2,63.8,
2012-07-01,17469.65,2.260479,8.2,63.7,16319.541
2012-08-01,,2.17107,8.1,63.5,
2012-09-01,,2.219253,7.8,63.6,
2012-10-01,17489.852,2.206525,7.8,63.8,16420.419
2012-11-01,,2.195661,7.7,63.6,
2012-12-01,,2.107127,7.9,63.7,
2013-01-01,17662.4,2.065935,8.0,63.7,16648.189
2013-02-01,,2.143683,7.7,63.4,
2013-03-01,,2.096923,7.5,63.3,
2013-04-01,17709.671,1.932255,7.6,63.4,16728.687
2013-05-01,,1.905048,7.5,63.4,
2013-06-01,,1.874046,7.5,63.4,
2013-07-01,17860.45,1.865294,7.3,63.3,16953.838
2013-08-01,,1.911745,7.2,63.3,
2013-09-01,,1.888205,7.2,63.2,
2013-10-01,18016.147,1.866698,7.2,62.8,17192.019
2013-11-01,,1.890963,6.9,63.0,
2013-12-01,,1.872378,6.7,62.9,
2014-01-01,17953.974,1.821944,6.6,62.9,17197.738
2014-02-01,,1.789204,6.7,62.9,
2014-03-01,,1.821445,6.7,63.1,
2014-04-01,18185.911,2.025724,6.2,62.8,17518.508
2014-05-01,,2.127518,6.3,62.9,
2014-06-01,,2.142724,6.1,62.8,
2014-07-01,18406.941,2.098319,6.2,62.9,17804.228
2014-08-01,,1.959017,6.1,62.9,
2014-09-01,,1.95017,5.9,62.8,
2014-10-01,18500.031,2.001463,5.7,62.9,17912.079
2014-11-01,,1.999148,5.8,62.9,
2014-12-01,,1.961226,5.6,62.8,
2015-01-01,18666.621,1.976365,5.7,62.9,18063.529
2015-02-01,,1.972517,5.5,62.7,
2015-03-01,,1.989606,5.4,62.6,
2015-04-01,18782.243,2.05371,5.4,62.8,18279.784
2015-05-01,,2.056561,5.6,62.9,
2015-06-01,,2.103732,5.3,62.7,
2015-07-01,18857.418,2.130475,5.2,62.6,18401.626
2015-08-01,,2.169207,5.1,62.6,
2015-09-01,,2.268536,5.0,62.4,
2015-10-01,18892.206,2.335492,5.0,62.5,18435.137
2015-11-01,,2.394625,5.1,62.5,
2015-12-01,,2.437497,5.0,62.7,
2016-01-01,19001.69,2.460879,4.8,62.7,18525.933
2016-02-01,,2.538253,4.9,62.8,
2016-03-01,,2.526214,5.0,63.0,
2016-04-01,19062.709,2.53143,5.1,62.9,18711.702
2016-05-01,,2.565678,4.8,62.7,
2016-06-01,,2.563629,4.9,62.7,
2016-07-01,19197.938,2.569655,4.8,62.8,18892.639
2016-08-01,,2.716347,4.9,62.9,
2016-09-01,,2.624799,5.0,62.9,
2016-10-01,19304.352,2.502268,4.9,62.8,19089.379
2016-11-01,,2.518564,4.7,62.7,
2016-12-01,,2.585286,4.7,62.7,
2017-01-01,19398.343,2.651739,4.7,62.8,19280.084
2017-02-01,,2.664566,4.6,62.9,
2017-03-01,,2.436586,4.4,62.9,
2017-04-01,19506.949,2.235672,4.4,63.0,19438.643
2017-05-01,,2.139634,4.4,62.8,
2017-06-01,,2.122109,4.3,62.8,
2017-07-01,19660.766,2.131777,4.3,62.9,19692.595
2017-08-01,,2.075047,4.4,62.9,
2017-09-01,,2.091354,4.3,63.1,
2017-10-01,19882.352,2.177581,4.2,62.7,20037.088
2017-11-01,,2.099803,4.2,62.7,
2017-12-01,,2.117186,4.1,62.7,
2018-01-01,20044.077,2.157823,4.0,62.7,20328.553
2018-02-01,,2.123101,4.1,63.0,
2018-03-01,,2.366926,4.0,62.9,
2018-04-01,20150.476,2.491592,4.0,62.9,20580.912
2018-05-01,,2.543212,3.8,62.9,
2018-06-01,,2.551897,4.0,63.0,
2018-07-01,20276.154,2.518753,3.8,63.0,20798.73
2018-08-01,,2.432443,3.8,62.6,
2018-09-01,,2.462881,3.7,62.8,
2018-10-01,20304.874,2.415236,3.8,62.9,20917.867
2018-11-01,,2.476418,3.8,62.9,
2018-12-01,,2.456173,3.9,63.0,
2019-01-01,20431.641,2.375054,4.0,63.1,21111.6
2019-02-01,,2.375943,3.8,63.1,
2019-03-01,,2.356946,3.8,63.0,
2019-04-01,20602.275,2.392773,3.7,62.8,21397.938
2019-05-01,,2.360903,3.6,62.9,
2019-06-01,,2.392597,3.6,63.0,
2019-07-01,20843.322,2.475923,3.7,63.1,21717.171
2019-08-01,,2.630398,3.6,63.1,
2019-09-01,,2.622934,3.5,63.2,
2019-10-01,20985.448,2.747596,3.6,63.3,21933.217
2019-11-01,,2.772021,3.6,63.3,
2019-12-01,,2.752609,3.6,63.3,
2020-01-01,20709.212,2.800205,3.6,63.3,21751.238
2020-02-01,,2.792299,3.5,63.3,
2020-03-01,,2.592275,4.4,62.6,
2020-04-01,19077.992,2.160688,14.8,60.1,19958.291
2020-05-01,,2.000025,13.2,60.8,
2020-06-01,,1.998261,11.0,61.5,
2020-07-01,20558.879,2.287039,10.2,61.5,21704.437
2020-08-01,,2.22202,8.4,61.7,
2020-09-01,,1.991587,7.8,61.4,
2020-10-01,20791.917,1.74961,6.9,61.7,22087.16
2020-11-01,,1.707378,6.7,61.5,
2020-12-01,,1.603908,6.7,61.5,
2021-01-01,21082.134,1.391588,6.4,61.4,22680.693
2021-02-01,,1.403014,6.2,61.4,
2021-03-01,,1.592602,6.1,61.5,
2021-04-01,21440.929,2.212664,6.1,61.6,23425.91
2021-05-01,,2.569395,5.8,61.6,
2021-06-01,,2.564809,5.9,61.7,
2021-07-01,21617.828,2.330438,5.4,61.8,23982.379
2021-08-01,,2.335721,5.1,61.7,
2021-09-01,,2.607496,4.7,61.7,
2021-10-01,21988.737,3.009235,4.5,61.8,24813.6
2021-11-01,,3.189375,4.2,61.9,
2021-12-01,,3.458986,3.9,62.0,
2022-01-01,21932.71,3.966999,4.0,62.2,25250.347
2022-02-01,,4.2841,3.8,62.2,
2022-03-01,,4.538679,3.7,62.3,
2022-04-01,21967.045,4.70841,3.7,62.2,25861.292
2022-05-01,,4.956489,3.6,62.3,
2022-06-01,,5.40253,3.6,62.2,
2022-07-01,22125.625,5.593246,3.5,62.1,26336.304
2022-08-01,,5.952632,3.6,62.3,
2022-09-01,,6.344649,3.5,62.3,
2022-10-01,22278.345,6.315609,3.6,62.2,26770.514
2022-11-01,,6.430319,3.6,62.1,
2022-12-01,,6.545514,3.5,62.3,
2023-01-01,22439.607,6.488339,3.5,62.4,27216.445
2023-02-01,,6.526576,3.6,62.5,
2023-03-01,,6.390646,3.5,62.6,
2023-04-01,22580.499,6.267738,3.4,62.6,27530.055
2023-05-01,,5.978883,3.6,62.6,
2023-06-01,,5.588761,3.6,62.6,
2023-07-01,22840.989,5.402919,3.5,62.6,28074.846
2023-08-01,,5.169678,3.7,62.8,
2023-09-01,,4.955445,3.8,62.7,
2023-10-01,23033.78,4.882717,3.9,62.7,28424.722
2023-11-01,,4.691251,3.7,62.8,
2023-12-01,,4.557667,3.8,62.5,
2024-01-01,23082.119,4.601332,3.7,62.5,28708.161
2024-02-01,,4.400073,3.9,62.6,
2024-03-01,,4.502758,3.9,62.7,
2024-04-01,23286.508,4.403618,3.9,62.7,29147.044
2024-05-01,,4.300148,4.0,62.6,
2024-06-01,,4.234733,4.1,62.6,
2024-07-01,23478.57,4.179707,4.2,62.7,29511.664
2024-08-01,,4.112096,4.2,62.7,
2024-09-01,,4.012724,4.1,62.7,
2024-10-01,23586.542,3.963395,4.1,62.5,29825.182
2024-11-01,,3.876177,4.2,62.5,
2024-12-01,,3.746553,4.1,62.5,
2025-01-01,23548.21,3.625276327,4.0,62.6,30042.113
2025-02-01,,3.516515255,4.1,62.4,
2025-03-01,,3.257815123,4.2,62.5,
2025-04-01,23770.976,3.176689863,4.2,62.6,30485.729
2025-05-01,,3.15913105,4.2,62.4,
2025-06-01,,3.288774014,4.1,62.3,
2025-07-01,,3.419810534,4.2,62.2,
2025-08-01,,3.4,4.3,62.3,
