date,Real GDP,Inflation,Total Capacity Utilization,Unemployment Rate,U Michigan Consumer Sentiment,S&P 500 Daily Index Val.,Labor Force Participation,Nominal GDP
1968-01-01,5057.553,3.65186106,87.3848,3.7,,,59.2,909.387
1968-02-01,,3.673819411,87.3505,3.8,97.2,,59.6,
1968-03-01,,4.142163975,87.2771,3.7,,,59.6,
1968-04-01,5142.033,4.155828095,87.0597,3.5,,,59.5,934.344
1968-05-01,,4.088245437,87.6912,3.5,92.4,,59.9,
1968-06-01,,4.545569347,87.6698,3.7,,,60.0,
1968-07-01,5181.859,4.753076334,87.1949,3.7,,,59.8,950.825
1968-08-01,,4.9466066,87.0994,3.5,92.4,,59.6,
1968-09-01,,4.948246979,87.0919,3.4,,,59.5,
1968-10-01,5202.212,5.182592347,86.9292,3.4,,,59.5,968.03
1968-11-01,,5.399387944,87.7164,3.4,91.7,,59.6,
1968-12-01,,5.706347843,87.6575,3.4,,,59.7,
1969-01-01,5283.597,5.746196961,87.8611,3.4,,,59.6,993.337
1969-02-01,,5.749956071,88.1058,3.4,98.2,,60.0,
1969-03-01,,6.125157849,88.4785,3.4,,,59.9,
1969-04-01,5299.625,6.505620421,87.8384,3.4,,,60.0,1009.02
1969-05-01,,6.780633974,87.195,3.4,91.5,,59.8,
1969-06-01,,6.375966005,87.7348,3.5,,,60.1,
1969-07-01,5334.6,6.389268621,87.8864,3.5,,,60.1,1029.956
1969-08-01,,6.414746498,87.7781,3.5,86.4,,60.3,
1969-09-01,,6.834758299,87.4506,3.7,,,60.3,
1969-10-01,5308.556,6.560106336,87.1703,3.7,,,60.4,1038.147
1969-11-01,,6.437390535,86.0477,3.5,79.7,,60.2,
1969-12-01,,6.402163808,85.5187,3.5,,,60.2,
1970-01-01,5300.652,6.592370014,83.658,3.9,,,60.4,1051.2
1970-02-01,,7.053805927,83.3417,4.2,78.1,,60.4,
1970-03-01,,6.993096123,82.9738,4.4,,,60.6,
1970-04-01,5308.164,6.817838113,82.5031,4.6,,,60.6,1067.375
1970-05-01,,6.947734731,82.1514,4.8,75.4,,60.3,
1970-06-01,,7.151974844,81.6327,4.9,,,60.2,
1970-07-01,5357.077,7.00787567,81.5808,5.0,,,60.4,1086.059
1970-08-01,,7.114872285,81.1851,5.1,77.6,,60.3,
1970-09-01,,7.081263039,80.3785,5.4,,,60.2,
1970-10-01,5299.672,7.057638255,78.53,5.5,,,60.4,1088.608
1970-11-01,,7.327620064,77.8167,5.9,72.4,,60.4,
1970-12-01,,7.342681298,79.3621,6.1,,,60.4,
1971-01-01,5443.619,7.014858012,79.7493,5.9,,,60.4,1135.156
1971-02-01,,6.329604979,79.395,5.9,78.1,,60.1,
1971-03-01,,5.50160847,79.1076,6.0,,,60.0,
1971-04-01,5473.059,5.306250794,79.3504,5.9,,,60.1,1156.271
1971-05-01,,5.060279237,79.5515,5.9,80.2,,60.2,
1971-06-01,,5.239199701,79.6838,5.9,,,59.8,
1971-07-01,5518.072,5.165044197,79.2527,6.0,,,60.1,1177.675
1971-08-01,,4.913620811,78.595,6.1,82.1,,60.2,
1971-09-01,,4.672385308,79.6725,6.0,,,60.1,
1971-10-01,5531.032,4.376576593,80.0684,5.8,,,60.1,1190.297
1971-11-01,,3.953153899,80.208,6.0,82.0,,60.4,
1971-12-01,,3.677258309,80.9324,6.0,,,60.4,
1972-01-01,5632.649,3.728280469,82.6617,5.8,,,60.2,1230.609
1972-02-01,,3.841502967,83.3036,5.7,92.8,,60.2,
1972-03-01,,4.057916253,83.6835,5.8,,,60.5,
1972-04-01,5760.47,3.971403024,84.3072,5.7,,,60.4,1266.369
1972-05-01,,3.863863418,84.1065,5.7,88.6,,60.4,
1972-06-01,,3.488589959,84.1147,5.7,,,60.4,
1972-07-01,5814.854,3.467340855,83.8181,5.6,,,60.4,1290.566
1972-08-01,,3.366129082,84.7411,5.6,95.2,,60.6,
1972-09-01,,3.1247262,85.1601,5.5,,,60.4,
1972-10-01,5912.22,3.331141241,86.0048,5.6,,,60.3,1328.904
1972-11-01,,3.268535943,86.7608,5.3,90.7,,60.3,
1972-12-01,,3.147816809,87.4648,5.2,,,60.5,
1973-01-01,6058.544,2.842802671,87.8201,4.9,,,60.0,1377.49
1973-02-01,,2.881142745,88.7918,5.0,81.9,,60.5,
1973-03-01,,2.929374136,88.5335,4.9,,,60.8,
1973-04-01,6124.506,3.031703085,88.1132,5.0,,,60.8,1413.887
1973-05-01,,3.175423207,88.3877,4.9,77.0,,60.6,
1973-06-01,,3.098743668,88.1945,4.9,,,60.9,
1973-07-01,6092.301,3.013319714,88.216,4.8,,,60.9,1433.838
1973-08-01,,3.322713188,87.793,4.8,72.0,,60.7,
1973-09-01,,3.944607922,88.1943,4.8,,,60.8,
1973-10-01,6150.131,4.765238145,88.6136,4.6,,,60.9,1476.289
1973-11-01,,4.927794502,88.732,4.8,76.5,,61.2,
1973-12-01,,5.30805948,88.2077,4.9,,,61.2,
1974-01-01,6097.258,5.845776926,87.3558,5.1,,,61.3,1491.209
1974-02-01,,6.291538116,86.8371,5.2,61.8,,61.4,
1974-03-01,,6.816162733,86.5891,5.1,,,61.3,
1974-04-01,6111.751,7.104721156,86.1068,5.1,,,61.1,1530.056
1974-05-01,,7.728315605,86.5741,5.1,72.1,,61.2,
1974-06-01,,8.616369341,86.1998,5.4,,,61.2,
1974-07-01,6053.978,9.526994824,86.1758,5.5,,,61.4,1560.026
1974-08-01,,10.103211029,85.0768,5.5,64.4,,61.2,
1974-09-01,,10.593110106,84.9128,5.9,,,61.4,
1974-10-01,6030.464,10.561468061,84.4745,6.0,,,61.3,1599.679
1974-11-01,,10.985727169,81.5419,6.6,59.5,,61.3,
1974-12-01,,11.496042915,78.4687,7.2,,,61.2,
1975-01-01,5957.035,11.624378564,77.2476,8.1,,,61.4,1616.116
1975-02-01,,11.784135357,75.358,8.1,57.6,,61.0,
1975-03-01,,11.573788456,74.4065,8.6,,,61.2,
1975-04-01,5999.61,11.698351766,74.4307,8.8,,,61.3,1651.853
1975-05-01,,10.926931315,74.0959,9.0,72.8,,61.5,
1975-06-01,,10.432971739,74.4461,8.8,,,61.2,
1975-07-01,6102.326,9.76743143,75.1022,8.6,,,61.3,1709.82
1975-08-01,,8.920589927,75.7189,8.4,75.7,,61.3,
1975-09-01,,8.520421165,76.5718,8.4,,,61.2,
1975-10-01,6184.53,8.109587525,76.773,8.4,,,61.2,1761.831
1975-11-01,,8.092959791,76.744,8.3,75.6,,61.1,
1975-12-01,,7.685189103,77.6451,8.2,,,61.1,
1976-01-01,6323.649,7.691042386,78.5312,7.9,,,61.3,1820.487
1976-02-01,,7.373666255,79.1705,7.7,84.6,,61.3,
1976-03-01,,7.334813689,79.174,7.6,,,61.3,
1976-04-01,6370.025,6.847460223,79.4214,7.7,,,61.6,1852.332
1976-05-01,,6.965887097,79.5834,7.4,83.3,,61.5,
1976-06-01,,6.871017008,79.4974,7.6,,,61.5,
1976-07-01,6404.895,7.088593777,79.7719,7.8,,,61.8,1886.558
1976-08-01,,7.352526572,80.1388,7.8,89.7,,61.8,
1976-09-01,,7.092183496,80.2183,7.6,,,61.6,
1976-10-01,6451.177,6.878373933,80.012,7.7,,,61.6,1934.273
1976-11-01,,6.612229044,81.0488,7.8,87.0,,61.9,
1976-12-01,,6.196677638,81.719,7.8,,,61.8,
1977-01-01,6527.703,6.048908185,80.9557,7.5,,,61.6,1988.648
1977-02-01,,6.05231412,82.0259,7.6,87.1,,61.9,
1977-03-01,,6.102888398,82.8357,7.4,,,62.0,
1977-04-01,6654.466,6.580655715,83.4184,7.2,,,62.1,2055.909
1977-05-01,,6.741041444,83.8383,7.0,90.2,,62.2,
1977-06-01,,6.920217354,84.2431,7.2,,,62.4,
1977-07-01,6774.457,6.881150829,84.1164,6.9,,,62.1,2118.473
1977-08-01,,6.832672177,83.9516,7.0,89.0,,62.3,
1977-09-01,,6.873489359,84.0465,6.8,,,62.3,
1977-10-01,6774.592,6.950144555,83.9313,6.8,,,62.4,2164.27
1977-11-01,,6.999499128,83.8462,6.8,84.4,,62.8,
1977-12-01,,7.363992642,83.7459,6.4,,,62.7,
1978-01-01,6796.26,7.371987718,82.2914,6.4,83.7,,62.8,2202.76
1978-02-01,,7.341035476,82.5033,6.3,84.3,,62.7,
1978-03-01,,7.433603181,83.8599,6.3,78.8,,62.8,
1978-04-01,7058.92,7.413807475,85.2903,6.1,81.6,,63.0,2331.633
1978-05-01,,7.643491412,85.4734,6.0,82.9,,63.1,
1978-06-01,,7.679164103,85.7913,5.9,80.0,,63.3,
1978-07-01,7129.915,7.912838518,85.4956,6.2,82.4,,63.2,2395.053
1978-08-01,,8.176594615,85.6075,5.9,78.4,,63.2,
1978-09-01,,8.576148162,85.5854,6.0,80.4,,63.3,
1978-10-01,7225.75,9.03646557,86.0076,5.8,79.3,,63.3,2476.949
1978-11-01,,9.211524761,86.4334,5.9,75.0,,63.5,
1978-12-01,,9.058012586,86.6336,6.0,66.1,,63.6,
1979-01-01,7238.727,9.070516336,85.9296,5.9,72.1,,63.6,2526.61
1979-02-01,,9.571356337,86.1169,5.9,73.9,,63.8,
1979-03-01,,9.675145162,86.1486,5.8,68.4,,63.8,
1979-04-01,7246.454,9.918953512,84.9029,5.8,66.0,,63.5,2591.247
1979-05-01,,10.082376559,85.4247,5.6,68.1,,63.3,
1979-06-01,,10.269173247,85.2142,5.7,65.8,,63.5,
1979-07-01,7300.281,10.50434739,84.861,5.7,60.4,,63.6,2667.565
1979-08-01,,10.93575743,84.1027,6.0,64.5,,63.6,
1979-09-01,,10.98372295,83.9007,5.9,66.7,,63.8,
1979-10-01,7318.535,11.257284188,84.2922,6.0,62.1,,63.7,2723.883
1979-11-01,,11.926588317,83.9769,5.9,63.3,,63.7,
1979-12-01,,12.734186684,83.8639,6.0,61.0,,63.9,
1980-01-01,7341.557,13.469735746,84.1462,6.3,67.0,,64.0,2789.842
1980-02-01,,13.599492679,84.02,6.3,66.9,,64.0,
1980-03-01,,14.331667424,83.516,6.3,56.5,,63.7,
1980-04-01,7190.289,14.755204998,81.7161,6.9,52.7,,63.8,2797.352
1980-05-01,,15.115272835,79.5737,7.5,51.7,,63.9,
1980-06-01,,15.774166719,78.4079,7.6,58.7,,63.7,
1980-07-01,7181.743,14.133410238,77.7106,7.8,62.3,,63.8,2856.483
1980-08-01,,13.268359535,77.8165,7.7,67.3,,63.7,
1980-09-01,,13.087752647,78.9666,7.5,73.7,,63.6,
1980-10-01,7315.677,13.084188753,79.8138,7.5,75.0,,63.7,2985.557
1980-11-01,,12.870601808,80.9797,7.5,76.7,,63.8,
1980-12-01,,12.685251999,81.3443,7.2,64.5,,63.6,
1981-01-01,7459.022,12.018100571,80.6568,7.5,71.4,,63.9,3124.206
1981-02-01,,11.229271193,80.1474,7.4,66.9,,63.9,
1981-03-01,,10.319341471,80.3697,7.4,66.5,,64.1,
1981-04-01,7403.745,9.710596634,79.8469,7.2,72.4,,64.2,3162.532
1981-05-01,,9.603160634,80.1126,7.5,76.3,,64.3,
1981-06-01,,9.212167638,80.3378,7.5,73.1,,63.7,
1981-07-01,7492.405,11.238230349,80.6666,7.2,74.1,,63.8,3260.609
1981-08-01,,11.81874206,80.3719,7.4,77.2,,63.8,
1981-09-01,,12.228963711,79.7957,7.6,73.1,,63.5,
1981-10-01,7410.768,11.266251913,78.9918,7.9,70.3,,63.8,3280.818
1981-11-01,,10.524035314,77.892,8.3,62.5,,63.9,
1981-12-01,,9.855791699,76.8713,8.5,64.3,,63.6,
1982-01-01,7295.631,9.469843405,75.129,8.6,71.0,,63.7,3274.302
1982-02-01,,9.539828014,76.4962,8.9,66.5,,63.8,
1982-03-01,,8.890430545,75.821,9.0,62.0,,63.8,
1982-04-01,7328.912,9.081124943,74.9732,9.3,65.5,,63.9,3331.972
1982-05-01,,9.052945034,74.3382,9.4,67.5,,64.2,
1982-06-01,,8.878235542,74.0174,9.6,65.7,,63.9,
1982-07-01,7300.896,7.889386151,73.6498,9.8,65.4,,64.0,3366.322
1982-08-01,,7.329095724,72.8767,9.8,65.4,,64.1,
1982-09-01,,5.979568161,72.596,10.1,69.3,,64.1,
1982-10-01,7303.817,5.978948458,71.8246,10.4,73.4,,64.1,3402.561
1982-11-01,,5.304532965,71.5313,10.8,72.1,,64.2,
1982-12-01,,4.248605204,70.9671,10.8,71.9,,64.1,
1983-01-01,7400.066,4.424606951,72.2371,10.4,70.4,,63.9,3473.413
1983-02-01,,4.356216055,71.7603,10.4,74.6,,63.8,
1983-03-01,,4.586331541,72.3279,10.3,80.8,,63.7,
1983-04-01,7568.456,4.187719488,73.2201,10.2,89.1,,63.8,3578.848
1983-05-01,,3.285270905,73.6506,10.1,93.3,,63.7,
1983-06-01,,2.582464401,74.0776,10.1,92.2,,64.3,
1983-07-01,7719.746,2.370321394,75.1574,9.4,92.8,,64.1,3689.179
1983-08-01,,2.293245829,76.0182,9.5,90.9,,64.3,
1983-09-01,,2.688915363,77.0799,9.2,89.9,,64.3,
1983-10-01,7880.794,2.837489986,77.6273,8.8,89.3,,64.0,3794.706
1983-11-01,,3.496604743,77.9119,8.5,91.1,,64.1,
1983-12-01,,4.455576949,78.221,8.3,94.2,,64.1,
1984-01-01,8034.847,4.47100051,79.6824,8.0,100.1,,63.9,3908.054
1984-02-01,,4.509240951,79.9369,7.8,97.4,,64.1,
1984-03-01,,4.638826514,80.1983,7.8,101.0,,64.1,
1984-04-01,8173.67,4.632179596,80.5448,7.7,96.1,,64.3,4009.601
1984-05-01,,4.693964637,80.8277,7.4,98.1,,64.5,
1984-06-01,,4.773046608,80.9628,7.2,95.5,,64.6,
1984-07-01,8252.465,4.88156286,81.02,7.5,96.6,,64.6,4084.25
1984-08-01,,5.017877611,80.9418,7.5,99.1,,64.4,
1984-09-01,,5.122410713,80.5325,7.3,100.9,,64.4,
1984-10-01,8320.199,5.086232886,80.3146,7.4,96.3,,64.4,4148.551
1984-11-01,,4.951399759,80.3938,7.2,95.7,,64.5,
1984-12-01,,5.03485707,80.242,7.3,92.9,,64.6,
1985-01-01,8400.82,4.71440976,80.0074,7.3,96.0,,64.7,4230.168
1985-02-01,,4.860092398,80.0484,7.2,93.7,,64.7,
1985-03-01,,4.95037523,79.9728,7.2,93.7,,64.9,
1985-04-01,8474.787,4.742850309,79.6074,7.3,94.6,,64.9,4294.887
1985-05-01,,5.02421107,79.5562,7.2,91.8,,64.8,
1985-06-01,,5.042571195,79.3321,7.4,96.5,,64.6,
1985-07-01,8604.22,4.934458147,78.7591,7.4,94.0,,64.7,4386.773
1985-08-01,,4.931448285,78.8441,7.1,92.4,,64.6,
1985-09-01,,4.772256068,78.975,7.1,92.1,,64.9,
1985-10-01,8668.188,4.87735108,78.5461,7.1,88.4,,65.0,4444.094
1985-11-01,,5.134382326,78.6751,7.0,90.9,,64.9,
1985-12-01,,5.015425836,79.3194,7.0,93.9,,65.0,
1986-01-01,8749.127,5.280952944,79.6087,6.7,95.6,,64.9,4507.894
1986-02-01,,5.109255446,78.9467,7.2,95.9,,65.0,
1986-03-01,,5.212476107,78.2817,7.2,95.1,,65.1,
1986-04-01,8788.524,5.352667382,78.2697,7.1,96.2,,65.1,4545.34
1986-05-01,,5.024657147,78.3224,7.2,94.8,,65.2,
1986-06-01,,5.026885723,77.9238,7.2,99.3,,65.4,
1986-07-01,8872.601,4.960427947,78.3151,7.0,97.7,,65.4,4607.669
1986-08-01,,4.823456322,78.0871,6.9,94.9,,65.3,
1986-09-01,,4.947499067,78.204,7.0,91.9,,65.4,
1986-10-01,8920.193,4.881662479,78.4345,7.0,95.6,,65.4,4657.627
1986-11-01,,4.575152807,78.6327,6.9,91.4,,65.4,
1986-12-01,,4.654910621,79.2674,6.6,89.1,,65.3,
1987-01-01,8986.367,4.492110038,78.8411,6.6,90.4,,65.4,4722.156
1987-02-01,,4.45173175,79.7613,6.6,90.2,,65.5,
1987-03-01,,4.276017854,79.732,6.6,90.8,,65.5,
1987-04-01,9083.256,4.371203735,80.1127,6.3,92.8,,65.4,4806.16
1987-05-01,,4.429512321,80.4695,6.3,91.1,,65.7,
1987-06-01,,4.187984457,80.7548,6.2,91.5,,65.5,
1987-07-01,9162.024,4.178766144,81.1593,6.1,93.7,,65.6,4884.555
1987-08-01,,4.293051178,81.6305,6.0,94.4,,65.7,
1987-09-01,,4.305931321,81.8226,5.9,93.6,,65.5,
1987-10-01,9319.332,4.356981982,82.8037,6.0,89.3,,65.7,5007.994
1987-11-01,,4.329616016,83.1057,5.8,83.1,,65.7,
1987-12-01,,4.291749243,83.4671,5.7,86.8,,65.7,
1988-01-01,9367.502,4.373233966,83.3646,5.7,90.8,,65.8,5073.372
1988-02-01,,4.375628463,83.7161,5.7,91.6,,65.9,
1988-03-01,,4.440936865,83.8432,5.7,94.6,,65.7,
1988-04-01,9490.594,4.37597416,84.2967,5.4,91.2,,65.8,5190.036
1988-05-01,,4.432652625,84.084,5.6,94.8,,65.7,
1988-06-01,,4.673118224,84.288,5.4,94.7,,65.8,
1988-07-01,9546.206,4.70086963,84.2603,5.4,93.4,,65.9,5282.835
1988-08-01,,4.674256215,84.6355,5.6,97.4,,66.1,
1988-09-01,,4.721200474,84.308,5.4,97.3,,65.9,
1988-10-01,9673.405,4.607887381,84.6144,5.4,94.1,,66.0,5399.509
1988-11-01,,4.742903047,84.7506,5.3,93.0,,66.2,
1988-12-01,,4.790034691,85.0433,5.3,91.9,,66.1,
1989-01-01,9771.725,4.748201473,85.1871,5.4,97.9,,66.5,5511.253
1989-02-01,,4.783533199,84.6881,5.2,95.4,,66.3,
1989-03-01,,4.750414948,84.7698,5.0,94.3,,66.3,
1989-04-01,9846.293,4.618488017,84.59,5.2,91.5,,66.4,5612.463
1989-05-01,,4.742747969,83.9611,5.2,90.7,,66.3,
1989-06-01,,4.74510822,83.784,5.3,90.6,,66.5,
1989-07-01,9919.228,4.893807623,82.7913,5.2,92.0,,66.5,5695.365
1989-08-01,,4.854148787,83.4055,5.2,89.6,,66.5,
1989-09-01,,4.669891213,82.9302,5.3,95.8,,66.4,
1989-10-01,9938.767,4.802933382,82.6235,5.3,93.9,,66.5,5747.237
1989-11-01,,4.797568826,82.6971,5.4,90.9,,66.6,
1989-12-01,,4.829006386,82.9629,5.4,90.5,,66.5,
1990-01-01,10047.386,4.905908309,82.328,5.4,93.0,,66.8,5872.701
1990-02-01,,4.91755923,82.8759,5.3,89.5,,66.7,
1990-03-01,,5.19152475,83.0757,5.2,91.3,,66.7,
1990-04-01,10083.855,5.276985365,82.7018,5.4,93.9,,66.6,5960.028
1990-05-01,,5.166732439,82.7671,5.4,90.6,,66.6,
1990-06-01,,5.370697673,82.8785,5.2,88.3,,66.4,
1990-07-01,10090.569,5.516605952,82.5834,5.5,88.2,,66.5,6015.116
1990-08-01,,5.836270781,82.737,5.7,76.4,,66.5,
1990-09-01,,5.930360317,82.6219,5.9,72.8,,66.4,
1990-10-01,9998.704,5.798506168,81.9938,5.9,63.9,,66.4,6004.733
1990-11-01,,5.683108196,80.8637,6.2,66.0,,66.4,
1990-12-01,,5.651092078,80.2062,6.3,65.5,,66.4,
1991-01-01,9951.916,5.815290409,79.8532,6.4,66.8,,66.2,6035.178
1991-02-01,,5.8623588,79.1938,6.6,70.4,,66.2,
1991-03-01,,5.474284579,78.6775,6.8,87.7,,66.3,
1991-04-01,10029.51,5.276160434,78.813,6.7,81.8,,66.4,6126.862
1991-05-01,,5.222445891,79.5366,6.9,78.3,,66.2,
1991-06-01,,4.934653949,80.1091,6.9,82.1,,66.2,
1991-07-01,10080.195,4.713410392,80.2553,6.8,82.9,,66.1,6205.937
1991-08-01,,4.393094508,80.1865,6.9,82.0,,66.0,
1991-09-01,,4.443594793,80.7568,6.9,83.0,,66.2,
1991-10-01,10115.329,4.288991989,80.5727,7.0,78.3,,66.1,6264.54
1991-11-01,,4.34967757,80.3561,7.0,69.1,,66.1,
1991-12-01,,4.346967664,79.8698,7.3,68.2,,66.0,
1992-01-01,10236.435,4.052308746,79.3038,7.3,67.5,,66.3,6363.102
1992-02-01,,3.861765064,79.7133,7.4,68.8,,66.2,
1992-03-01,,3.975844252,80.2192,7.4,76.0,,66.4,
1992-04-01,10347.429,4.066438773,80.6613,7.4,77.2,,66.5,6470.763
1992-05-01,,3.926410529,80.7461,7.6,79.2,,66.6,
1992-06-01,,3.860188559,80.6077,7.8,80.4,,66.7,
1992-07-01,10449.673,3.769367667,81.1531,7.7,76.6,,66.7,6566.641
1992-08-01,,3.628120085,80.5215,7.6,76.1,,66.6,
1992-09-01,,3.349237754,80.6052,7.6,75.6,,66.5,
1992-10-01,10558.648,3.6359146,80.9878,7.3,73.3,,66.2,6680.803
1992-11-01,,3.629469745,81.1373,7.4,85.3,,66.3,
1992-12-01,,3.478262556,81.1101,7.4,91.0,,66.3,
1993-01-01,10576.275,3.528455109,81.2846,7.3,89.3,,66.2,6729.459
1993-02-01,,3.561853788,81.5417,7.1,86.6,,66.2,
1993-03-01,,3.334428143,81.3332,7.0,85.9,,66.2,
1993-04-01,10637.847,3.404237829,81.4361,7.1,85.6,,66.1,6808.939
1993-05-01,,3.532736691,81.0138,7.1,80.3,,66.4,
1993-06-01,,3.569326945,81.0769,7.0,81.5,,66.5,
1993-07-01,10688.606,3.422616714,81.1612,6.9,77.0,,66.4,6882.098
1993-08-01,,3.508810757,80.9411,6.8,77.3,,66.4,
1993-09-01,,3.642383692,81.2154,6.7,77.9,,66.2,
1993-10-01,10833.987,3.424737275,81.6695,6.8,82.7,,66.3,7013.738
1993-11-01,,3.436277096,81.8847,6.6,81.2,,66.3,
1993-12-01,,3.548475916,82.1813,6.5,88.2,,66.4,
1994-01-01,10939.116,3.375759896,82.2458,6.6,94.3,,66.6,7115.652
1994-02-01,,3.415920384,82.0964,6.6,93.2,,66.6,
1994-03-01,,3.570150943,82.7001,6.5,91.5,,66.5,
1994-04-01,11087.361,3.354397547,82.9607,6.4,92.6,,66.5,7246.931
1994-05-01,,3.225532887,83.1048,6.1,92.8,,66.6,
1994-06-01,,3.194738495,83.409,6.1,91.2,,66.4,
1994-07-01,11152.176,3.233880147,83.2543,6.1,89.0,,66.4,7331.075
1994-08-01,,3.306714086,83.5424,6.0,91.7,,66.6,
1994-09-01,,3.254281644,83.5225,5.9,91.5,,66.6,
1994-10-01,11279.932,3.164264289,83.9295,5.8,92.7,,66.7,7455.288
1994-11-01,,3.128282179,84.2193,5.6,91.6,,66.7,
1994-12-01,,2.901446577,84.7763,5.5,95.1,,66.7,
1995-01-01,11319.951,3.144200833,84.6624,5.6,97.6,,66.8,7522.289
1995-02-01,,3.124100115,84.2817,5.4,95.1,,66.8,
1995-03-01,,3.167481169,84.1264,5.4,90.3,,66.7,
1995-04-01,11353.721,3.306684647,83.7001,5.8,92.5,,66.9,7580.997
1995-05-01,,3.355294523,83.8228,5.6,89.8,,66.5,
1995-06-01,,3.332283478,83.8038,5.6,92.7,,66.5,
1995-07-01,11450.31,3.386948974,83.1565,5.7,94.4,,66.6,7683.125
1995-08-01,,3.23814109,83.9385,5.7,96.2,,66.6,
1995-09-01,,3.351697522,83.9436,5.6,88.9,,66.6,
1995-10-01,11528.067,3.46411606,83.4711,5.5,90.2,,66.6,7772.586
1995-11-01,,3.37996065,83.3377,5.6,88.2,,66.5,
1995-12-01,,3.379829487,83.2653,5.6,91.0,,66.4,
1996-01-01,11614.418,3.277075064,82.4552,5.6,89.3,,66.4,7868.468
1996-02-01,,3.259936249,83.2784,5.5,88.5,,66.6,
1996-03-01,,3.134500987,82.7819,5.5,93.7,,66.6,
1996-04-01,11808.14,3.004778103,83.2259,5.6,92.7,,66.7,8032.84
1996-05-01,,3.047772222,83.4707,5.6,89.4,,66.7,
1996-06-01,,3.051784638,83.7026,5.3,92.4,,66.7,
1996-07-01,11914.063,3.087421545,83.3175,5.5,94.7,,66.9,8131.408
1996-08-01,,3.083473301,83.3523,5.1,95.3,,66.7,
1996-09-01,,3.063090207,83.4837,5.2,94.7,,66.9,
1996-10-01,12037.775,2.943741816,83.0746,5.2,96.5,,67.0,8259.771
1996-11-01,,2.980390413,83.4158,5.4,99.2,,67.0,
1996-12-01,,3.05642197,83.5292,5.4,96.9,,67.0,
1997-01-01,12115.472,2.91241515,83.2734,5.3,97.4,,67.0,8362.655
1997-02-01,,2.802464903,83.8357,5.2,99.7,,66.9,
1997-03-01,,2.854608076,83.9386,5.2,100.0,,67.1,
1997-04-01,12317.221,2.910920374,83.5773,5.1,101.4,,67.1,8518.825
1997-05-01,,2.870203143,83.6033,4.9,103.2,,67.1,
1997-06-01,,2.828445596,83.5281,5.0,104.5,,67.1,
1997-07-01,12471.01,2.752239262,83.75,4.9,107.1,,67.2,8662.823
1997-08-01,,2.653670773,84.0989,4.8,104.4,,67.2,
1997-09-01,,2.544804261,84.3562,4.9,106.0,,67.1,
1997-10-01,12577.495,2.618900715,84.5733,4.7,105.6,,67.1,8765.907
1997-11-01,,2.548580799,84.6992,4.6,107.2,,67.2,
1997-12-01,,2.621535622,84.5069,4.7,102.1,,67.2,
1998-01-01,12703.742,2.673178027,84.3255,4.6,106.6,,67.1,8866.48
1998-02-01,,2.691552555,83.9236,4.6,110.4,,67.1,
1998-03-01,,2.672304266,83.4139,4.7,106.5,,67.1,
1998-04-01,12821.339,2.640497846,83.1697,4.3,108.7,,67.0,8969.699
1998-05-01,,2.611332031,83.1957,4.4,106.5,,67.0,
1998-06-01,,2.600204475,82.2129,4.5,105.6,,67.0,
1998-07-01,12982.752,2.603335947,81.4369,4.5,105.2,,67.0,9121.097
1998-08-01,,2.633982138,82.6826,4.5,104.4,,67.0,
1998-09-01,,2.594217982,82.1974,4.6,100.9,,67.2,
1998-10-01,13191.67,2.535056337,82.3679,4.5,97.4,,67.2,9293.991
1998-11-01,,2.523581703,81.9145,4.4,102.7,,67.1,
1998-12-01,,2.437823,81.8823,4.4,100.5,,67.2,
1999-01-01,13315.597,2.383116,81.8698,4.3,103.9,,67.2,9411.682
1999-02-01,,2.316234,82.0031,4.4,108.1,,67.2,
1999-03-01,,2.237507,81.8486,4.2,105.7,,67.0,
1999-04-01,13426.748,2.226592,81.7151,4.3,104.6,,67.1,9526.21
1999-05-01,,2.153318,81.9082,4.2,106.8,,67.1,
1999-06-01,,2.070264,81.5543,4.3,107.3,,67.1,
1999-07-01,13604.771,2.111144,81.7388,4.3,106.0,,67.1,9686.626
1999-08-01,,2.094839,81.8026,4.2,104.5,,67.0,
1999-09-01,,2.070746,81.1741,4.2,107.2,,67.0,
1999-10-01,13827.98,2.04962,81.9218,4.1,103.2,,67.0,9900.169
1999-11-01,,2.147821,82.0702,4.1,107.2,,67.1,
1999-12-01,,2.167848,82.4391,4.0,105.4,,67.1,
2000-01-01,13878.147,2.335519,82.0932,4.0,112.0,,67.3,10002.179
2000-02-01,,2.379221,82.0943,4.1,111.3,,67.3,
2000-03-01,,2.483286,82.134,4.0,107.1,,67.3,
2000-04-01,14130.908,2.409239,82.3741,3.8,109.2,,67.3,10247.72
2000-05-01,,2.558647,82.335,4.0,110.7,,67.1,
2000-06-01,,2.701492,82.1191,4.0,106.4,,67.1,
2000-07-01,14145.312,2.71297,81.7036,4.0,108.3,,66.9,10318.165
2000-08-01,,2.874818,81.2193,4.1,107.3,,66.9,
2000-09-01,,2.897082,81.2955,3.9,106.8,,66.9,
2000-10-01,14229.765,2.919941,80.7298,3.9,105.8,,66.8,10435.744
2000-11-01,,2.870145,80.4815,3.9,107.6,,66.9,
2000-12-01,,2.972089,79.9449,3.9,98.4,,67.0,
2001-01-01,14183.12,2.878468,79.2915,4.2,94.7,,67.2,10470.231
2001-02-01,,2.979742,78.5159,4.2,90.6,,67.1,
2001-03-01,,2.961886,78.0741,4.3,91.5,,67.2,
2001-04-01,14271.694,3.091112,77.561,4.4,88.4,,66.9,10599.0
2001-05-01,,3.07401,76.9249,4.3,92.0,,66.7,
2001-06-01,,3.200619,76.3013,4.5,92.6,,66.7,
2001-07-01,14214.516,3.207811,75.6377,4.6,92.4,,66.8,10598.02
2001-08-01,,3.251713,75.3826,4.9,91.5,,66.5,
2001-09-01,,3.388746,74.7982,5.0,81.8,,66.8,
2001-10-01,14253.574,3.484066,74.4059,5.3,82.7,,66.7,10660.465
2001-11-01,,3.601999,73.8179,5.5,83.9,,66.7,
2001-12-01,,3.56492,73.6523,5.7,88.8,,66.7,
2002-01-01,14372.785,3.557463,74.042,5.7,93.0,,66.5,10783.5
2002-02-01,,3.527436,73.9315,5.7,90.7,,66.8,
2002-03-01,,3.46848,74.401,5.7,95.7,,66.6,
2002-04-01,14460.848,3.465822,74.683,5.9,93.0,,66.7,10887.46
2002-05-01,,3.452132,74.948,5.8,96.9,,66.7,
2002-06-01,,3.241692,75.5244,5.8,92.4,,66.6,
2002-07-01,14519.633,3.263706,75.4765,5.8,88.1,,66.5,10984.04
2002-08-01,,3.146595,75.39,5.7,87.6,,66.6,
2002-09-01,,3.026606,75.4643,5.7,86.1,,66.7,
2002-10-01,14537.58,2.937194,75.2771,5.7,80.6,,66.6,11061.433
2002-11-01,,2.824322,75.7113,5.9,84.2,,66.4,
2002-12-01,,2.792164,75.3192,6.0,86.7,,66.3,
2003-01-01,14614.141,2.778159,75.9737,5.8,82.4,,66.4,11174.129
2003-02-01,,2.69562,76.0964,5.9,79.9,,66.4,
2003-03-01,,2.619135,75.9158,5.9,77.6,,66.3,
2003-04-01,14743.567,2.450573,75.471,6.0,86.0,,66.4,11312.766
2003-05-01,,2.338588,75.4753,6.1,92.1,,66.4,
2003-06-01,,2.261697,75.6024,6.3,89.7,,66.5,
2003-07-01,14988.782,2.228217,76.0121,6.2,90.9,,66.2,11566.669
2003-08-01,,2.155287,75.865,6.1,89.3,,66.1,
2003-09-01,,2.174311,76.3685,6.1,87.7,,66.1,
2003-10-01,15162.76,2.150681,76.4833,6.0,89.6,,66.1,11772.234
2003-11-01,,2.025956,77.0141,5.8,93.7,,66.1,
2003-12-01,,1.967767,77.0642,5.7,92.6,,65.9,
2004-01-01,15248.68,1.949813,77.2041,5.7,103.8,,66.1,11923.447
2004-02-01,,2.037157,77.6963,5.6,94.4,,66.0,
2004-03-01,,2.126567,77.4077,5.8,95.8,,66.0,
2004-04-01,15366.85,2.247883,77.7236,5.6,94.2,,65.9,12112.815
2004-05-01,,2.228612,78.3145,5.6,90.2,,66.0,
2004-06-01,,2.370793,77.724,5.6,95.6,,66.1,
2004-07-01,15512.619,2.254997,78.305,5.5,96.7,,66.1,12305.307
2004-08-01,,2.249671,78.3738,5.4,95.9,,66.0,
2004-09-01,,2.23192,78.4547,5.4,94.2,,65.8,
2004-10-01,15670.88,2.229333,79.1352,5.5,91.7,,65.9,12527.214
2004-11-01,,2.293798,79.3,5.4,92.8,,66.0,
2004-12-01,,2.304188,79.8779,5.4,97.1,,65.9,
2005-01-01,15844.727,2.308836,80.1076,5.3,95.5,,65.8,12767.286
2005-02-01,,2.279146,80.6185,5.4,94.1,,65.9,
2005-03-01,,2.238654,80.4254,5.2,92.6,,65.9,
2005-04-01,15922.782,2.231837,80.5049,5.2,87.7,,66.1,12922.656
2005-05-01,,2.350311,80.4835,5.1,86.9,,66.1,
2005-06-01,,2.191008,80.7304,5.0,96.0,,66.1,
2005-07-01,16047.587,2.292571,80.3636,5.0,96.5,,66.1,13142.642
2005-08-01,,2.256804,80.5144,4.9,89.1,,66.2,
2005-09-01,,2.326514,78.8408,5.0,76.9,,66.1,
2005-10-01,16136.734,2.318218,79.6882,5.0,74.2,,66.1,13324.204
2005-11-01,,2.424911,80.4459,5.0,81.6,,66.0,
2005-12-01,,2.463042,80.7149,4.9,91.5,,66.0,
2006-01-01,16353.835,2.444816,80.7219,4.7,91.2,,66.0,13599.16
2006-02-01,,2.492938,80.6346,4.8,86.7,,66.1,
2006-03-01,,2.575349,80.693,4.7,88.9,,66.2,
2006-04-01,16396.151,2.67529,80.8033,4.7,87.4,,66.1,13753.424
2006-05-01,,2.778406,80.6874,4.6,79.1,,66.1,
2006-06-01,,3.029285,80.8131,4.6,84.9,,66.2,
2006-07-01,16420.738,3.089187,80.6047,4.7,84.7,,66.1,13870.188
2006-08-01,,3.219901,80.7869,4.7,82.0,,66.2,
2006-09-01,,3.207054,80.4643,4.5,85.4,,66.1,
2006-10-01,16561.866,3.285968,80.1979,4.4,93.6,,66.2,14039.56
2006-11-01,,3.141252,79.9873,4.5,92.1,,66.3,
2006-12-01,,3.1159,80.6149,4.4,91.7,,66.4,
2007-01-01,16611.69,3.136734,80.1358,4.6,96.9,,66.4,14215.651
2007-02-01,,3.152428,80.7193,4.5,91.3,,66.3,
2007-03-01,,3.099888,80.6791,4.4,88.4,,66.2,
2007-04-01,16713.314,2.957465,81.0476,4.5,87.1,,65.9,14402.082
2007-05-01,,2.774199,80.9347,4.4,88.3,,66.0,
2007-06-01,,2.621714,80.8222,4.6,85.3,,66.0,
2007-07-01,16809.587,2.525322,80.5906,4.7,90.4,,66.0,14564.117
2007-08-01,,2.459164,80.6774,4.6,83.4,,65.8,
2007-09-01,,2.475003,80.8326,4.7,83.4,,66.0,
2007-10-01,16915.191,2.494632,80.5829,4.7,80.9,,65.8,14715.058
2007-11-01,,2.64947,81.0492,4.7,76.1,,66.0,
2007-12-01,,2.712396,81.1309,5.0,75.5,,66.0,
2008-01-01,16843.003,2.747695,81.0828,5.0,78.4,,66.2,14706.538
2008-02-01,,2.617738,80.8474,4.9,70.8,,66.0,
2008-03-01,,2.688949,80.6547,5.1,69.5,,66.1,
2008-04-01,16943.291,2.725505,80.1636,5.0,62.6,,65.9,14865.701
2008-05-01,,2.793043,79.7148,5.4,59.8,,66.1,
2008-06-01,,2.933931,79.5288,5.6,56.4,,66.1,
2008-07-01,16854.295,3.010504,79.1573,5.8,61.2,,66.1,14898.999
2008-08-01,,3.080765,77.8633,6.1,63.0,,66.1,
2008-09-01,,3.071629,74.3831,6.1,70.3,,66.0,
2008-10-01,16485.35,2.922213,75.0459,6.5,57.6,,66.0,14608.209
2008-11-01,,2.777101,73.9671,6.8,55.3,,65.9,
2008-12-01,,2.614507,71.7765,7.3,60.1,,65.8,
2009-01-01,16298.262,2.535975,69.8882,7.8,61.2,,65.7,14430.902
2009-02-01,,2.54257,69.3805,8.3,56.3,,65.8,
2009-03-01,,2.437701,68.2145,8.7,57.3,,65.6,
2009-04-01,16269.145,2.359914,67.6067,9.0,65.1,,65.7,14381.236
2009-05-01,,2.273815,66.8861,9.4,68.7,,65.7,
2009-06-01,,2.078064,66.6446,9.5,70.8,,65.7,
2009-07-01,16326.281,1.910212,67.4381,9.5,66.0,,65.5,14448.882
2009-08-01,,1.757047,68.2152,9.6,65.7,,65.4,
2009-09-01,,1.602846,68.8533,9.8,73.5,,65.1,
2009-10-01,16502.754,1.509202,69.0873,10.0,70.6,,65.0,14651.249
2009-11-01,,1.361569,69.468,9.9,67.4,,65.0,
2009-12-01,,1.318775,69.823,9.9,72.5,,64.6,
2010-01-01,16582.71,1.170764,70.7084,9.8,74.4,,64.8,14764.61
2010-02-01,,1.048684,71.1021,9.8,73.6,,64.9,
2010-03-01,,0.9255025,71.7572,9.9,73.6,,64.9,
2010-04-01,16743.162,0.869413,72.1775,9.9,72.2,,65.2,14980.193
2010-05-01,,0.7933019,73.3305,9.6,73.6,,64.9,
2010-06-01,,0.7780126,73.6492,9.4,76.0,,64.6,
2010-07-01,16872.266,0.7440706,74.0764,9.4,67.8,,64.6,15141.607
2010-08-01,,0.6911157,74.479,9.5,68.9,,64.7,
2010-09-01,,0.6638685,74.8001,9.5,68.2,,64.6,
2010-10-01,16960.864,0.6723344,74.6921,9.4,67.7,,64.4,15309.474
2010-11-01,,0.8233069,74.8191,9.8,71.6,,64.6,
2010-12-01,,0.8307821,75.6199,9.3,74.5,,64.3,
2011-01-01,16920.632,0.9539952,75.4919,9.1,74.2,,64.2,15351.448
2011-02-01,,1.117829,75.1957,9.0,77.5,,64.1,
2011-03-01,,1.179972,75.9692,9.0,67.5,,64.2,
2011-04-01,17035.114,1.210295,75.6918,9.1,69.8,,64.2,15557.539
2011-05-01,,1.256079,75.7389,9.0,74.3,,64.1,
2011-06-01,,1.29395,75.8967,9.1,71.5,,64.0,
2011-07-01,17031.313,1.41844,76.1727,9.0,63.7,,64.0,15647.68
2011-08-01,,1.651442,76.557,9.0,55.8,,64.1,
2011-09-01,,1.721515,76.3854,9.0,59.5,,64.2,
2011-10-01,17222.583,1.835844,76.7959,8.8,60.8,,64.1,15842.259
2011-11-01,,1.835434,76.6551,8.6,63.7,,64.1,
2011-12-01,,2.045078,76.9204,8.5,69.9,,64.0,
2012-01-01,17367.01,2.113351,77.2407,8.3,75.0,,63.7,16068.805
2012-02-01,,2.01608,77.3425,8.3,75.3,,63.8,
2012-03-01,,2.122799,76.798,8.2,76.2,,63.8,
2012-04-01,17444.525,2.191796,77.2057,8.2,76.4,,63.7,16207.115
2012-05-01,,2.188203,77.233,8.2,79.3,,63.7,
2012-06-01,,2.238926,77.1126,8.2,73.2,,63.8,
2012-07-01,17469.65,2.260479,77.1378,8.2,72.3,,63.7,16319.541
2012-08-01,,2.17107,76.6993,8.1,74.3,,63.5,
2012-09-01,,2.219253,76.5385,7.8,78.3,,63.6,
2012-10-01,17489.852,2.206525,76.6654,7.8,82.6,,63.8,16420.419
2012-11-01,,2.195661,76.849,7.7,82.7,,63.6,
2012-12-01,,2.107127,76.9607,7.9,72.9,,63.7,
2013-01-01,17662.4,2.065935,76.8466,8.0,73.8,,63.7,16648.189
2013-02-01,,2.143683,77.1172,7.7,77.6,,63.4,
2013-03-01,,2.096923,77.3418,7.5,78.6,,63.3,
2013-04-01,17709.671,1.932255,77.1785,7.6,76.4,,63.4,16728.687
2013-05-01,,1.905048,77.1749,7.5,84.5,,63.4,
2013-06-01,,1.874046,77.2476,7.5,84.1,,63.4,
2013-07-01,17860.45,1.865294,76.9323,7.3,85.1,,63.3,16953.838
2013-08-01,,1.911745,77.3333,7.2,82.1,,63.3,
2013-09-01,,1.888205,77.6904,7.2,77.5,,63.2,
2013-10-01,18016.147,1.866698,77.5455,7.2,73.2,,62.8,17192.019
2013-11-01,,1.890963,77.6904,6.9,75.1,,63.0,
2013-12-01,,1.872378,77.8052,6.7,82.5,,62.9,
2014-01-01,17953.974,1.821944,77.4541,6.6,81.2,,62.9,17197.738
2014-02-01,,1.789204,77.9861,6.7,81.6,,62.9,
2014-03-01,,1.821445,78.7,6.7,80.0,,63.1,
2014-04-01,18185.911,2.025724,78.7032,6.2,84.1,,62.8,17518.508
2014-05-01,,2.127518,78.9551,6.3,81.9,,62.9,
2014-06-01,,2.142724,79.1445,6.1,82.5,,62.8,
2014-07-01,18406.941,2.098319,79.236,6.2,81.8,,62.9,17804.228
2014-08-01,,1.959017,79.0306,6.1,82.5,,62.9,
2014-09-01,,1.95017,79.1927,5.9,84.6,,62.8,
2014-10-01,18500.031,2.001463,79.1358,5.7,86.9,,62.9,17912.079
2014-11-01,,1.999148,79.5592,5.8,88.8,,62.9,
2014-12-01,,1.961226,79.5137,5.6,93.6,,62.8,
2015-01-01,18666.621,1.976365,78.8301,5.7,98.1,,62.9,18063.529
2015-02-01,,1.972517,78.2911,5.5,95.4,,62.7,
2015-03-01,,1.989606,77.9964,5.4,93.0,,62.6,
2015-04-01,18782.243,2.05371,77.5449,5.4,95.9,,62.8,18279.784
2015-05-01,,2.056561,77.1821,5.6,90.7,,62.9,
2015-06-01,,2.103732,76.9429,5.3,96.1,,62.7,
2015-07-01,18857.418,2.130475,77.4307,5.2,93.1,,62.6,18401.626
2015-08-01,,2.169207,77.308,5.1,91.9,,62.6,
2015-09-01,,2.268536,77.1039,5.0,87.2,,62.4,
2015-10-01,18892.206,2.335492,76.752,5.0,90.0,,62.5,18435.137
2015-11-01,,2.394625,76.2118,5.1,91.3,,62.5,
2015-12-01,,2.437497,75.845,5.0,92.6,,62.7,
2016-01-01,19001.69,2.460879,76.2263,4.8,92.0,,62.7,18525.933
2016-02-01,,2.538253,75.8298,4.9,91.7,,62.8,
2016-03-01,,2.526214,75.2411,5.0,91.0,,63.0,
2016-04-01,19062.709,2.53143,75.4701,5.1,89.0,,62.9,18711.702
2016-05-01,,2.565678,75.2833,4.8,94.7,,62.7,
2016-06-01,,2.563629,75.6283,4.9,93.5,,62.7,
2016-07-01,19197.938,2.569655,75.6916,4.8,90.0,,62.8,18892.639
2016-08-01,,2.716347,75.5879,4.9,89.8,,62.9,
2016-09-01,,2.624799,75.4977,5.0,91.2,,62.9,
2016-10-01,19304.352,2.502268,75.5318,4.9,87.2,,62.8,19089.379
2016-11-01,,2.518564,75.2309,4.7,93.8,,62.7,
2016-12-01,,2.585286,75.7622,4.7,98.2,,62.7,
2017-01-01,19398.343,2.651739,75.5995,4.7,98.5,,62.8,19280.084
2017-02-01,,2.664566,75.3306,4.6,96.3,,62.9,
2017-03-01,,2.436586,75.8344,4.4,96.9,,62.9,
2017-04-01,19506.949,2.235672,76.6403,4.4,97.0,,63.0,19438.643
2017-05-01,,2.139634,76.764,4.4,97.1,,62.8,
2017-06-01,,2.122109,76.9926,4.3,95.0,,62.8,
2017-07-01,19660.766,2.131777,76.878,4.3,93.4,,62.9,19692.595
2017-08-01,,2.075047,76.6139,4.4,96.8,,62.9,
2017-09-01,,2.091354,76.7906,4.3,95.1,,63.1,
2017-10-01,19882.352,2.177581,77.8346,4.2,100.7,,62.7,20037.088
2017-11-01,,2.099803,78.1204,4.2,98.5,,62.7,
2017-12-01,,2.117186,78.3837,4.1,95.9,,62.7,
2018-01-01,20044.077,2.157823,78.4548,4.0,95.7,,62.7,20328.553
2018-02-01,,2.123101,78.7047,4.1,99.7,,63.0,
2018-03-01,,2.366926,79.1096,4.0,101.4,,62.9,
2018-04-01,20150.476,2.491592,80.0436,4.0,98.8,,62.9,20580.912
2018-05-01,,2.543212,79.3092,3.8,98.0,,62.9,
2018-06-01,,2.551897,79.9674,4.0,98.2,,63.0,
2018-07-01,20276.154,2.518753,80.0561,3.8,97.9,,63.0,20798.73
2018-08-01,,2.432443,80.5741,3.8,96.2,,62.6,
2018-09-01,,2.462881,80.5711,3.7,100.1,,62.8,
2018-10-01,20304.874,2.415236,80.3884,3.8,98.6,,62.9,20917.867
2018-11-01,,2.476418,80.3962,3.8,97.5,,62.9,
2018-12-01,,2.456173,80.358,3.9,98.3,,63.0,
2019-01-01,20431.641,2.375054,79.7599,4.0,91.2,,63.1,21111.6
2019-02-01,,2.375943,79.2768,3.8,93.8,,63.1,
2019-03-01,,2.356946,79.2123,3.8,98.4,,63.0,
2019-04-01,20602.275,2.392773,78.7037,3.7,97.2,,62.8,21397.938
2019-05-01,,2.360903,78.7358,3.6,100.0,,62.9,
2019-06-01,,2.392597,78.7532,3.6,98.2,,63.0,
2019-07-01,20843.322,2.475923,78.2629,3.7,98.4,,63.1,21717.171
2019-08-01,,2.630398,78.7796,3.6,89.8,,63.1,
2019-09-01,,2.622934,78.4615,3.5,93.2,,63.2,
2019-10-01,20985.448,2.747596,77.7295,3.6,95.5,,63.3,21933.217
2019-11-01,,2.772021,78.1046,3.6,96.8,,63.3,
2019-12-01,,2.752609,77.9031,3.6,99.3,,63.3,
2020-01-01,20709.212,2.800205,77.4105,3.6,99.8,,63.3,21751.238
2020-02-01,,2.792299,77.6537,3.5,101.0,,63.3,
2020-03-01,,2.592275,74.5527,4.4,89.1,,62.6,
2020-04-01,19077.992,2.160688,64.6982,14.8,71.8,,60.1,19958.291
2020-05-01,,2.000025,65.7487,13.2,72.3,,60.8,
2020-06-01,,1.998261,70.134,11.0,78.1,,61.5,
2020-07-01,20558.879,2.287039,72.7591,10.2,72.5,,61.5,21704.437
2020-08-01,,2.22202,73.5674,8.4,74.1,,61.7,
2020-09-01,,1.991587,73.6543,7.8,80.4,,61.4,
2020-10-01,20791.917,1.74961,74.2728,6.9,81.8,,61.7,22087.16
2020-10-20,,,,,,3443.12,,
2020-10-21,,,,,,3435.56,,
2020-10-22,,,,,,3453.49,,
2020-10-23,,,,,,3465.39,,
2020-10-26,,,,,,3400.97,,
2020-10-27,,,,,,3390.68,,
2020-10-28,,,,,,3271.03,,
2020-10-29,,,,,,3310.11,,
2020-10-30,,,,,,3269.96,,
2020-11-01,,1.707378,74.7456,6.7,76.9,,61.5,
2020-11-02,,,,,,3310.24,,
2020-11-03,,,,,,3369.16,,
2020-11-04,,,,,,3443.44,,
2020-11-05,,,,,,3510.45,,
2020-11-06,,,,,,3509.44,,
2020-11-09,,,,,,3550.5,,
2020-11-10,,,,,,3545.53,,
2020-11-11,,,,,,3572.66,,
2020-11-12,,,,,,3537.01,,
2020-11-13,,,,,,3585.15,,
2020-11-16,,,,,,3626.91,,
2020-11-17,,,,,,3609.53,,
2020-11-18,,,,,,3567.79,,
2020-11-19,,,,,,3581.87,,
2020-11-20,,,,,,3557.54,,
2020-11-23,,,,,,3577.59,,
2020-11-24,,,,,,3635.41,,
2020-11-25,,,,,,3629.65,,
2020-11-26,,,,,,,,
2020-11-27,,,,,,3638.35,,
2020-11-30,,,,,,3621.63,,
2020-12-01,,1.603908,75.8651,6.7,80.7,3662.45,61.5,
2020-12-02,,,,,,3669.01,,
2020-12-03,,,,,,3666.72,,
2020-12-04,,,,,,3699.12,,
2020-12-07,,,,,,3691.96,,
2020-12-08,,,,,,3702.25,,
2020-12-09,,,,,,3672.82,,
2020-12-10,,,,,,3668.1,,
2020-12-11,,,,,,3663.46,,
2020-12-14,,,,,,3647.49,,
2020-12-15,,,,,,3694.62,,
2020-12-16,,,,,,3701.17,,
2020-12-17,,,,,,3722.48,,
2020-12-18,,,,,,3709.41,,
2020-12-21,,,,,,3694.92,,
2020-12-22,,,,,,3687.26,,
2020-12-23,,,,,,3690.01,,
2020-12-24,,,,,,3703.06,,
2020-12-25,,,,,,,,
2020-12-28,,,,,,3735.36,,
2020-12-29,,,,,,3727.04,,
2020-12-30,,,,,,3732.04,,
2020-12-31,,,,,,3756.07,,
2021-01-01,21082.134,1.391588,76.5008,6.4,79.0,,61.4,22680.693
2021-01-04,,,,,,3700.65,,
2021-01-05,,,,,,3726.86,,
2021-01-06,,,,,,3748.14,,
2021-01-07,,,,,,3803.79,,
2021-01-08,,,,,,3824.68,,
2021-01-11,,,,,,3799.61,,
2021-01-12,,,,,,3801.19,,
2021-01-13,,,,,,3809.84,,
2021-01-14,,,,,,3795.54,,
2021-01-15,,,,,,3768.25,,
2021-01-18,,,,,,,,
2021-01-19,,,,,,3798.91,,
2021-01-20,,,,,,3851.85,,
2021-01-21,,,,,,3853.07,,
2021-01-22,,,,,,3841.47,,
2021-01-25,,,,,,3855.36,,
2021-01-26,,,,,,3849.62,,
2021-01-27,,,,,,3750.77,,
2021-01-28,,,,,,3787.38,,
2021-01-29,,,,,,3714.24,,
2021-02-01,,1.403014,74.0987,6.2,76.8,3773.86,61.4,
2021-02-02,,,,,,3826.31,,
2021-02-03,,,,,,3830.17,,
2021-02-04,,,,,,3871.74,,
2021-02-05,,,,,,3886.83,,
2021-02-08,,,,,,3915.59,,
2021-02-09,,,,,,3911.23,,
2021-02-10,,,,,,3909.88,,
2021-02-11,,,,,,3916.38,,
2021-02-12,,,,,,3934.83,,
2021-02-15,,,,,,,,
2021-02-16,,,,,,3932.59,,
2021-02-17,,,,,,3931.33,,
2021-02-18,,,,,,3913.97,,
2021-02-19,,,,,,3906.71,,
2021-02-22,,,,,,3876.5,,
2021-02-23,,,,,,3881.37,,
2021-02-24,,,,,,3925.43,,
2021-02-25,,,,,,3829.34,,
2021-02-26,,,,,,3811.15,,
2021-03-01,,1.592602,76.3455,6.1,84.9,3901.82,61.5,
2021-03-02,,,,,,3870.29,,
2021-03-03,,,,,,3819.72,,
2021-03-04,,,,,,3768.47,,
2021-03-05,,,,,,3841.94,,
2021-03-08,,,,,,3821.35,,
2021-03-09,,,,,,3875.44,,
2021-03-10,,,,,,3898.81,,
2021-03-11,,,,,,3939.34,,
2021-03-12,,,,,,3943.34,,
2021-03-15,,,,,,3968.94,,
2021-03-16,,,,,,3962.71,,
2021-03-17,,,,,,3974.12,,
2021-03-18,,,,,,3915.46,,
2021-03-19,,,,,,3913.1,,
2021-03-22,,,,,,3940.59,,
2021-03-23,,,,,,3910.52,,
2021-03-24,,,,,,3889.14,,
2021-03-25,,,,,,3909.52,,
2021-03-26,,,,,,3974.54,,
2021-03-29,,,,,,3971.09,,
2021-03-30,,,,,,3958.55,,
2021-03-31,,,,,,3972.89,,
2021-04-01,21440.929,2.212664,76.6187,6.1,88.3,4019.87,61.6,23425.91
2021-04-02,,,,,,,,
2021-04-05,,,,,,4077.91,,
2021-04-06,,,,,,4073.94,,
2021-04-07,,,,,,4079.95,,
2021-04-08,,,,,,4097.17,,
2021-04-09,,,,,,4128.8,,
2021-04-12,,,,,,4127.99,,
2021-04-13,,,,,,4141.59,,
2021-04-14,,,,,,4124.66,,
2021-04-15,,,,,,4170.42,,
2021-04-16,,,,,,4185.47,,
2021-04-19,,,,,,4163.26,,
2021-04-20,,,,,,4134.94,,
2021-04-21,,,,,,4173.42,,
2021-04-22,,,,,,4134.98,,
2021-04-23,,,,,,4180.17,,
2021-04-26,,,,,,4187.62,,
2021-04-27,,,,,,4186.72,,
2021-04-28,,,,,,4183.18,,
2021-04-29,,,,,,4211.47,,
2021-04-30,,,,,,4181.17,,
2021-05-01,,2.569395,77.4469,5.8,82.9,,61.6,
2021-05-03,,,,,,4192.66,,
2021-05-04,,,,,,4164.66,,
2021-05-05,,,,,,4167.59,,
2021-05-06,,,,,,4201.62,,
2021-05-07,,,,,,4232.6,,
2021-05-10,,,,,,4188.43,,
2021-05-11,,,,,,4152.1,,
2021-05-12,,,,,,4063.04,,
2021-05-13,,,,,,4112.5,,
2021-05-14,,,,,,4173.85,,
2021-05-17,,,,,,4163.29,,
2021-05-18,,,,,,4127.83,,
2021-05-19,,,,,,4115.68,,
2021-05-20,,,,,,4159.12,,
2021-05-21,,,,,,4155.86,,
2021-05-24,,,,,,4197.05,,
2021-05-25,,,,,,4188.13,,
2021-05-26,,,,,,4195.99,,
2021-05-27,,,,,,4200.88,,
2021-05-28,,,,,,4204.11,,
2021-05-31,,,,,,,,
2021-06-01,,2.564809,77.9619,5.9,85.5,4202.04,61.7,
2021-06-02,,,,,,4208.12,,
2021-06-03,,,,,,4192.85,,
2021-06-04,,,,,,4229.89,,
2021-06-07,,,,,,4226.52,,
2021-06-08,,,,,,4227.26,,
2021-06-09,,,,,,4219.55,,
2021-06-10,,,,,,4239.18,,
2021-06-11,,,,,,4247.44,,
2021-06-14,,,,,,4255.15,,
2021-06-15,,,,,,4246.59,,
2021-06-16,,,,,,4223.7,,
2021-06-17,,,,,,4221.86,,
2021-06-18,,,,,,4166.45,,
2021-06-21,,,,,,4224.79,,
2021-06-22,,,,,,4246.44,,
2021-06-23,,,,,,4241.84,,
2021-06-24,,,,,,4266.49,,
2021-06-25,,,,,,4280.7,,
2021-06-28,,,,,,4290.61,,
2021-06-29,,,,,,4291.8,,
2021-06-30,,,,,,4297.5,,
2021-07-01,21617.828,2.330438,78.4327,5.4,81.2,4319.94,61.8,23982.379
2021-07-02,,,,,,4352.34,,
2021-07-05,,,,,,,,
2021-07-06,,,,,,4343.54,,
2021-07-07,,,,,,4358.13,,
2021-07-08,,,,,,4320.82,,
2021-07-09,,,,,,4369.55,,
2021-07-12,,,,,,4384.63,,
2021-07-13,,,,,,4369.21,,
2021-07-14,,,,,,4374.3,,
2021-07-15,,,,,,4360.03,,
2021-07-16,,,,,,4327.16,,
2021-07-19,,,,,,4258.49,,
2021-07-20,,,,,,4323.06,,
2021-07-21,,,,,,4358.69,,
2021-07-22,,,,,,4367.48,,
2021-07-23,,,,,,4411.79,,
2021-07-26,,,,,,4422.3,,
2021-07-27,,,,,,4401.46,,
2021-07-28,,,,,,4400.64,,
2021-07-29,,,,,,4419.15,,
2021-07-30,,,,,,4395.26,,
2021-08-01,,2.335721,78.5435,5.1,70.3,,61.7,
2021-08-02,,,,,,4387.16,,
2021-08-03,,,,,,4423.15,,
2021-08-04,,,,,,4402.66,,
2021-08-05,,,,,,4429.1,,
2021-08-06,,,,,,4436.52,,
2021-08-09,,,,,,4432.35,,
2021-08-10,,,,,,4436.75,,
2021-08-11,,,,,,4447.7,,
2021-08-12,,,,,,4460.83,,
2021-08-13,,,,,,4468.0,,
2021-08-16,,,,,,4479.71,,
2021-08-17,,,,,,4448.08,,
2021-08-18,,,,,,4400.27,,
2021-08-19,,,,,,4405.8,,
2021-08-20,,,,,,4441.67,,
2021-08-23,,,,,,4479.53,,
2021-08-24,,,,,,4486.23,,
2021-08-25,,,,,,4496.19,,
2021-08-26,,,,,,4470.0,,
2021-08-27,,,,,,4509.37,,
2021-08-30,,,,,,4528.79,,
2021-08-31,,,,,,4522.68,,
2021-09-01,,2.607496,77.8344,4.7,72.8,4524.09,61.7,
2021-09-02,,,,,,4536.95,,
2021-09-03,,,,,,4535.43,,
2021-09-06,,,,,,,,
2021-09-07,,,,,,4520.03,,
2021-09-08,,,,,,4514.07,,
2021-09-09,,,,,,4493.28,,
2021-09-10,,,,,,4458.58,,
2021-09-13,,,,,,4468.73,,
2021-09-14,,,,,,4443.05,,
2021-09-15,,,,,,4480.7,,
2021-09-16,,,,,,4473.75,,
2021-09-17,,,,,,4432.99,,
2021-09-20,,,,,,4357.73,,
2021-09-21,,,,,,4354.19,,
2021-09-22,,,,,,4395.64,,
2021-09-23,,,,,,4448.98,,
2021-09-24,,,,,,4455.48,,
2021-09-27,,,,,,4443.11,,
2021-09-28,,,,,,4352.63,,
2021-09-29,,,,,,4359.46,,
2021-09-30,,,,,,4307.54,,
2021-10-01,21988.737,3.009235,78.9984,4.5,71.7,4357.04,61.8,24813.6
2021-10-04,,,,,,4300.46,,
2021-10-05,,,,,,4345.72,,
2021-10-06,,,,,,4363.55,,
2021-10-07,,,,,,4399.76,,
2021-10-08,,,,,,4391.34,,
2021-10-11,,,,,,4361.19,,
2021-10-12,,,,,,4350.65,,
2021-10-13,,,,,,4363.8,,
2021-10-14,,,,,,4438.26,,
2021-10-15,,,,,,4471.37,,
2021-10-18,,,,,,4486.46,,
2021-10-19,,,,,,4519.63,,
2021-10-20,,,,,,4536.19,,
2021-10-21,,,,,,4549.78,,
2021-10-22,,,,,,4544.9,,
2021-10-25,,,,,,4566.48,,
2021-10-26,,,,,,4574.79,,
2021-10-27,,,,,,4551.68,,
2021-10-28,,,,,,4596.42,,
2021-10-29,,,,,,4605.38,,
2021-11-01,,3.189375,79.7955,4.2,67.4,4613.67,61.9,
2021-11-02,,,,,,4630.65,,
2021-11-03,,,,,,4660.57,,
2021-11-04,,,,,,4680.06,,
2021-11-05,,,,,,4697.53,,
2021-11-08,,,,,,4701.7,,
2021-11-09,,,,,,4685.25,,
2021-11-10,,,,,,4646.71,,
2021-11-11,,,,,,4649.27,,
2021-11-12,,,,,,4682.85,,
2021-11-15,,,,,,4682.8,,
2021-11-16,,,,,,4700.9,,
2021-11-17,,,,,,4688.67,,
2021-11-18,,,,,,4704.54,,
2021-11-19,,,,,,4697.96,,
2021-11-22,,,,,,4682.94,,
2021-11-23,,,,,,4690.7,,
2021-11-24,,,,,,4701.46,,
2021-11-25,,,,,,,,
2021-11-26,,,,,,4594.62,,
2021-11-29,,,,,,4655.27,,
2021-11-30,,,,,,4567.0,,
2021-12-01,,3.458986,79.7947,3.9,70.6,4513.04,62.0,
2021-12-02,,,,,,4577.1,,
2021-12-03,,,,,,4538.43,,
2021-12-06,,,,,,4591.67,,
2021-12-07,,,,,,4686.75,,
2021-12-08,,,,,,4701.21,,
2021-12-09,,,,,,4667.45,,
2021-12-10,,,,,,4712.02,,
2021-12-13,,,,,,4668.97,,
2021-12-14,,,,,,4634.09,,
2021-12-15,,,,,,4709.85,,
2021-12-16,,,,,,4668.67,,
2021-12-17,,,,,,4620.64,,
2021-12-20,,,,,,4568.02,,
2021-12-21,,,,,,4649.23,,
2021-12-22,,,,,,4696.56,,
2021-12-23,,,,,,4725.79,,
2021-12-24,,,,,,,,
2021-12-27,,,,,,4791.19,,
2021-12-28,,,,,,4786.35,,
2021-12-29,,,,,,4793.06,,
2021-12-30,,,,,,4778.73,,
2021-12-31,,,,,,4766.18,,
2022-01-01,21932.71,3.966999,79.8471,4.0,67.2,,62.2,25250.347
2022-01-03,,,,,,4796.56,,
2022-01-04,,,,,,4793.54,,
2022-01-05,,,,,,4700.58,,
2022-01-06,,,,,,4696.05,,
2022-01-07,,,,,,4677.03,,
2022-01-10,,,,,,4670.29,,
2022-01-11,,,,,,4713.07,,
2022-01-12,,,,,,4726.35,,
2022-01-13,,,,,,4659.03,,
2022-01-14,,,,,,4662.85,,
2022-01-17,,,,,,,,
2022-01-18,,,,,,4577.11,,
2022-01-19,,,,,,4532.76,,
2022-01-20,,,,,,4482.73,,
2022-01-21,,,,,,4397.94,,
2022-01-24,,,,,,4410.13,,
2022-01-25,,,,,,4356.45,,
2022-01-26,,,,,,4349.93,,
2022-01-27,,,,,,4326.51,,
2022-01-28,,,,,,4431.85,,
2022-01-31,,,,,,4515.55,,
2022-02-01,,4.2841,80.357,3.8,62.8,4546.54,62.2,
2022-02-02,,,,,,4589.38,,
2022-02-03,,,,,,4477.44,,
2022-02-04,,,,,,4500.53,,
2022-02-07,,,,,,4483.87,,
2022-02-08,,,,,,4521.54,,
2022-02-09,,,,,,4587.18,,
2022-02-10,,,,,,4504.08,,
2022-02-11,,,,,,4418.64,,
2022-02-14,,,,,,4401.67,,
2022-02-15,,,,,,4471.07,,
2022-02-16,,,,,,4475.01,,
2022-02-17,,,,,,4380.26,,
2022-02-18,,,,,,4348.87,,
2022-02-21,,,,,,,,
2022-02-22,,,,,,4304.76,,
2022-02-23,,,,,,4225.5,,
2022-02-24,,,,,,4288.7,,
2022-02-25,,,,,,4384.65,,
2022-02-28,,,,,,4373.94,,
2022-03-01,,4.538679,80.9989,3.7,59.4,4306.26,62.3,
2022-03-02,,,,,,4386.54,,
2022-03-03,,,,,,4363.49,,
2022-03-04,,,,,,4328.87,,
2022-03-07,,,,,,4201.09,,
2022-03-08,,,,,,4170.7,,
2022-03-09,,,,,,4277.88,,
2022-03-10,,,,,,4259.52,,
2022-03-11,,,,,,4204.31,,
2022-03-14,,,,,,4173.11,,
2022-03-15,,,,,,4262.45,,
2022-03-16,,,,,,4357.86,,
2022-03-17,,,,,,4411.67,,
2022-03-18,,,,,,4463.12,,
2022-03-21,,,,,,4461.18,,
2022-03-22,,,,,,4511.61,,
2022-03-23,,,,,,4456.24,,
2022-03-24,,,,,,4520.16,,
2022-03-25,,,,,,4543.06,,
2022-03-28,,,,,,4575.52,,
2022-03-29,,,,,,4631.6,,
2022-03-30,,,,,,4602.45,,
2022-03-31,,,,,,4530.41,,
2022-04-01,21967.045,4.70841,81.1458,3.7,65.2,4545.86,62.2,25861.292
2022-04-04,,,,,,4582.64,,
2022-04-05,,,,,,4525.12,,
2022-04-06,,,,,,4481.15,,
2022-04-07,,,,,,4500.21,,
2022-04-08,,,,,,4488.28,,
2022-04-11,,,,,,4412.53,,
2022-04-12,,,,,,4397.45,,
2022-04-13,,,,,,4446.59,,
2022-04-14,,,,,,4392.59,,
2022-04-15,,,,,,,,
2022-04-18,,,,,,4391.69,,
2022-04-19,,,,,,4462.21,,
2022-04-20,,,,,,4459.45,,
2022-04-21,,,,,,4393.66,,
2022-04-22,,,,,,4271.78,,
2022-04-25,,,,,,4296.12,,
2022-04-26,,,,,,4175.2,,
2022-04-27,,,,,,4183.96,,
2022-04-28,,,,,,4287.5,,
2022-04-29,,,,,,4131.93,,
2022-05-01,,4.956489,81.1363,3.6,58.4,,62.3,
2022-05-02,,,,,,4155.38,,
2022-05-03,,,,,,4175.48,,
2022-05-04,,,,,,4300.17,,
2022-05-05,,,,,,4146.87,,
2022-05-06,,,,,,4123.34,,
2022-05-09,,,,,,3991.24,,
2022-05-10,,,,,,4001.05,,
2022-05-11,,,,,,3935.18,,
2022-05-12,,,,,,3930.08,,
2022-05-13,,,,,,4023.89,,
2022-05-16,,,,,,4008.01,,
2022-05-17,,,,,,4088.85,,
2022-05-18,,,,,,3923.68,,
2022-05-19,,,,,,3900.79,,
2022-05-20,,,,,,3901.36,,
2022-05-23,,,,,,3973.75,,
2022-05-24,,,,,,3941.48,,
2022-05-25,,,,,,3978.73,,
2022-05-26,,,,,,4057.84,,
2022-05-27,,,,,,4158.24,,
2022-05-30,,,,,,,,
2022-05-31,,,,,,4132.15,,
2022-06-01,,5.40253,80.9375,3.6,50.0,4101.23,62.2,
2022-06-02,,,,,,4176.82,,
2022-06-03,,,,,,4108.54,,
2022-06-06,,,,,,4121.43,,
2022-06-07,,,,,,4160.68,,
2022-06-08,,,,,,4115.77,,
2022-06-09,,,,,,4017.82,,
2022-06-10,,,,,,3900.86,,
2022-06-13,,,,,,3749.63,,
2022-06-14,,,,,,3735.48,,
2022-06-15,,,,,,3789.99,,
2022-06-16,,,,,,3666.77,,
2022-06-17,,,,,,3674.84,,
2022-06-20,,,,,,,,
2022-06-21,,,,,,3764.79,,
2022-06-22,,,,,,3759.89,,
2022-06-23,,,,,,3795.73,,
2022-06-24,,,,,,3911.74,,
2022-06-27,,,,,,3900.11,,
2022-06-28,,,,,,3821.55,,
2022-06-29,,,,,,3818.83,,
2022-06-30,,,,,,3785.38,,
2022-07-01,22125.625,5.593246,81.0054,3.5,51.5,3825.33,62.1,26336.304
2022-07-04,,,,,,,,
2022-07-05,,,,,,3831.39,,
2022-07-06,,,,,,3845.08,,
2022-07-07,,,,,,3902.62,,
2022-07-08,,,,,,3899.38,,
2022-07-11,,,,,,3854.43,,
2022-07-12,,,,,,3818.8,,
2022-07-13,,,,,,3801.78,,
2022-07-14,,,,,,3790.38,,
2022-07-15,,,,,,3863.16,,
2022-07-18,,,,,,3830.85,,
2022-07-19,,,,,,3936.69,,
2022-07-20,,,,,,3959.9,,
2022-07-21,,,,,,3998.95,,
2022-07-22,,,,,,3961.63,,
2022-07-25,,,,,,3966.84,,
2022-07-26,,,,,,3921.05,,
2022-07-27,,,,,,4023.61,,
2022-07-28,,,,,,4072.43,,
2022-07-29,,,,,,4130.29,,
2022-08-01,,5.952632,80.9637,3.6,58.2,4118.63,62.3,
2022-08-02,,,,,,4091.19,,
2022-08-03,,,,,,4155.17,,
2022-08-04,,,,,,4151.94,,
2022-08-05,,,,,,4145.19,,
2022-08-08,,,,,,4140.06,,
2022-08-09,,,,,,4122.47,,
2022-08-10,,,,,,4210.24,,
2022-08-11,,,,,,4207.27,,
2022-08-12,,,,,,4280.15,,
2022-08-15,,,,,,4297.14,,
2022-08-16,,,,,,4305.2,,
2022-08-17,,,,,,4274.04,,
2022-08-18,,,,,,4283.74,,
2022-08-19,,,,,,4228.48,,
2022-08-22,,,,,,4137.99,,
2022-08-23,,,,,,4128.73,,
2022-08-24,,,,,,4140.77,,
2022-08-25,,,,,,4199.12,,
2022-08-26,,,,,,4057.66,,
2022-08-29,,,,,,4030.61,,
2022-08-30,,,,,,3986.16,,
2022-08-31,,,,,,3955.0,,
2022-09-01,,6.344649,81.0936,3.5,58.6,3966.85,62.3,
2022-09-02,,,,,,3924.26,,
2022-09-05,,,,,,,,
2022-09-06,,,,,,3908.19,,
2022-09-07,,,,,,3979.87,,
2022-09-08,,,,,,4006.18,,
2022-09-09,,,,,,4067.36,,
2022-09-12,,,,,,4110.41,,
2022-09-13,,,,,,3932.69,,
2022-09-14,,,,,,3946.01,,
2022-09-15,,,,,,3901.35,,
2022-09-16,,,,,,3873.33,,
2022-09-19,,,,,,3899.89,,
2022-09-20,,,,,,3855.93,,
2022-09-21,,,,,,3789.93,,
2022-09-22,,,,,,3757.99,,
2022-09-23,,,,,,3693.23,,
2022-09-26,,,,,,3655.04,,
2022-09-27,,,,,,3647.29,,
2022-09-28,,,,,,3719.04,,
2022-09-29,,,,,,3640.47,,
2022-09-30,,,,,,3585.62,,
2022-10-01,22278.345,6.315609,80.8551,3.6,59.9,,62.2,26770.514
2022-10-03,,,,,,3678.43,,
2022-10-04,,,,,,3790.93,,
2022-10-05,,,,,,3783.28,,
2022-10-06,,,,,,3744.52,,
2022-10-07,,,,,,3639.66,,
2022-10-10,,,,,,3612.39,,
2022-10-11,,,,,,3588.84,,
2022-10-12,,,,,,3577.03,,
2022-10-13,,,,,,3669.91,,
2022-10-14,,,,,,3583.07,,
2022-10-17,,,,,,3677.95,,
2022-10-18,,,,,,3719.98,,
2022-10-19,,,,,,3695.16,,
2022-10-20,,,,,,3665.78,,
2022-10-21,,,,,,3752.75,,
2022-10-24,,,,,,3797.34,,
2022-10-25,,,,,,3859.11,,
2022-10-26,,,,,,3830.6,,
2022-10-27,,,,,,3807.3,,
2022-10-28,,,,,,3901.06,,
2022-10-31,,,,,,3871.98,,
2022-11-01,,6.430319,80.4107,3.6,56.7,3856.1,62.1,
2022-11-02,,,,,,3759.69,,
2022-11-03,,,,,,3719.89,,
2022-11-04,,,,,,3770.55,,
2022-11-07,,,,,,3806.8,,
2022-11-08,,,,,,3828.11,,
2022-11-09,,,,,,3748.57,,
2022-11-10,,,,,,3956.37,,
2022-11-11,,,,,,3992.93,,
2022-11-14,,,,,,3957.25,,
2022-11-15,,,,,,3991.73,,
2022-11-16,,,,,,3958.79,,
2022-11-17,,,,,,3946.56,,
2022-11-18,,,,,,3965.34,,
2022-11-21,,,,,,3949.94,,
2022-11-22,,,,,,4003.58,,
2022-11-23,,,,,,4027.26,,
2022-11-24,,,,,,,,
2022-11-25,,,,,,4026.12,,
2022-11-28,,,,,,3963.94,,
2022-11-29,,,,,,3957.63,,
2022-11-30,,,,,,4080.11,,
2022-12-01,,6.545514,79.2286,3.5,59.8,4076.57,62.3,
2022-12-02,,,,,,4071.7,,
2022-12-05,,,,,,3998.84,,
2022-12-06,,,,,,3941.26,,
2022-12-07,,,,,,3933.92,,
2022-12-08,,,,,,3963.51,,
2022-12-09,,,,,,3934.38,,
2022-12-12,,,,,,3990.56,,
2022-12-13,,,,,,4019.65,,
2022-12-14,,,,,,3995.32,,
2022-12-15,,,,,,3895.75,,
2022-12-16,,,,,,3852.36,,
2022-12-19,,,,,,3817.66,,
2022-12-20,,,,,,3821.62,,
2022-12-21,,,,,,3878.44,,
2022-12-22,,,,,,3822.39,,
2022-12-23,,,,,,3844.82,,
2022-12-26,,,,,,,,
2022-12-27,,,,,,3829.25,,
2022-12-28,,,,,,3783.22,,
2022-12-29,,,,,,3849.28,,
2022-12-30,,,,,,3839.5,,
2023-01-01,22439.607,6.488339,79.7542,3.5,64.9,,62.4,27216.445
2023-01-02,,,,,,,,
2023-01-03,,,,,,3824.14,,
2023-01-04,,,,,,3852.97,,
2023-01-05,,,,,,3808.1,,
2023-01-06,,,,,,3895.08,,
2023-01-09,,,,,,3892.09,,
2023-01-10,,,,,,3919.25,,
2023-01-11,,,,,,3969.61,,
2023-01-12,,,,,,3983.17,,
2023-01-13,,,,,,3999.09,,
2023-01-16,,,,,,,,
2023-01-17,,,,,,3990.97,,
2023-01-18,,,,,,3928.86,,
2023-01-19,,,,,,3898.85,,
2023-01-20,,,,,,3972.61,,
2023-01-23,,,,,,4019.81,,
2023-01-24,,,,,,4016.95,,
2023-01-25,,,,,,4016.22,,
2023-01-26,,,,,,4060.43,,
2023-01-27,,,,,,4070.56,,
2023-01-30,,,,,,4017.77,,
2023-01-31,,,,,,4076.6,,
2023-02-01,,6.526576,79.6087,3.6,66.9,4119.21,62.5,
2023-02-02,,,,,,4179.76,,
2023-02-03,,,,,,4136.48,,
2023-02-06,,,,,,4111.08,,
2023-02-07,,,,,,4164.0,,
2023-02-08,,,,,,4117.86,,
2023-02-09,,,,,,4081.5,,
2023-02-10,,,,,,4090.46,,
2023-02-13,,,,,,4137.29,,
2023-02-14,,,,,,4136.13,,
2023-02-15,,,,,,4147.6,,
2023-02-16,,,,,,4090.41,,
2023-02-17,,,,,,4079.09,,
2023-02-20,,,,,,,,
2023-02-21,,,,,,3997.34,,
2023-02-22,,,,,,3991.05,,
2023-02-23,,,,,,4012.32,,
2023-02-24,,,,,,3970.04,,
2023-02-27,,,,,,3982.24,,
2023-02-28,,,,,,3970.15,,
2023-03-01,,6.390646,79.4362,3.5,62.0,3951.39,62.6,
2023-03-02,,,,,,3981.35,,
2023-03-03,,,,,,4045.64,,
2023-03-06,,,,,,4048.42,,
2023-03-07,,,,,,3986.37,,
2023-03-08,,,,,,3992.01,,
2023-03-09,,,,,,3918.32,,
2023-03-10,,,,,,3861.59,,
2023-03-13,,,,,,3855.76,,
2023-03-14,,,,,,3919.29,,
2023-03-15,,,,,,3891.93,,
2023-03-16,,,,,,3960.28,,
2023-03-17,,,,,,3916.64,,
2023-03-20,,,,,,3951.57,,
2023-03-21,,,,,,4002.87,,
2023-03-22,,,,,,3936.97,,
2023-03-23,,,,,,3948.72,,
2023-03-24,,,,,,3970.99,,
2023-03-27,,,,,,3977.53,,
2023-03-28,,,,,,3971.27,,
2023-03-29,,,,,,4027.81,,
2023-03-30,,,,,,4050.83,,
2023-03-31,,,,,,4109.31,,
2023-04-01,22580.499,6.267738,79.5726,3.4,63.7,,62.6,27530.055
2023-04-03,,,,,,4124.51,,
2023-04-04,,,,,,4100.6,,
2023-04-05,,,,,,4090.38,,
2023-04-06,,,,,,4105.02,,
2023-04-07,,,,,,,,
2023-04-10,,,,,,4109.11,,
2023-04-11,,,,,,4108.94,,
2023-04-12,,,,,,4091.95,,
2023-04-13,,,,,,4146.22,,
2023-04-14,,,,,,4137.64,,
2023-04-17,,,,,,4151.32,,
2023-04-18,,,,,,4154.87,,
2023-04-19,,,,,,4154.52,,
2023-04-20,,,,,,4129.79,,
2023-04-21,,,,,,4133.52,,
2023-04-24,,,,,,4137.04,,
2023-04-25,,,,,,4071.63,,
2023-04-26,,,,,,4055.99,,
2023-04-27,,,,,,4135.35,,
2023-04-28,,,,,,4169.48,,
2023-05-01,,5.978883,79.2151,3.6,59.0,4167.87,62.6,
2023-05-02,,,,,,4119.58,,
2023-05-03,,,,,,4090.75,,
2023-05-04,,,,,,4061.22,,
2023-05-05,,,,,,4136.25,,
2023-05-08,,,,,,4138.12,,
2023-05-09,,,,,,4119.17,,
2023-05-10,,,,,,4137.64,,
2023-05-11,,,,,,4130.62,,
2023-05-12,,,,,,4124.08,,
2023-05-15,,,,,,4136.28,,
2023-05-16,,,,,,4109.9,,
2023-05-17,,,,,,4158.77,,
2023-05-18,,,,,,4198.05,,
2023-05-19,,,,,,4191.98,,
2023-05-22,,,,,,4192.63,,
2023-05-23,,,,,,4145.58,,
2023-05-24,,,,,,4115.24,,
2023-05-25,,,,,,4151.28,,
2023-05-26,,,,,,4205.45,,
2023-05-29,,,,,,,,
2023-05-30,,,,,,4205.52,,
2023-05-31,,,,,,4179.83,,
2023-06-01,,5.588761,78.5968,3.6,64.2,4221.02,62.6,
2023-06-02,,,,,,4282.37,,
2023-06-05,,,,,,4273.79,,
2023-06-06,,,,,,4283.85,,
2023-06-07,,,,,,4267.52,,
2023-06-08,,,,,,4293.93,,
2023-06-09,,,,,,4298.86,,
2023-06-12,,,,,,4338.93,,
2023-06-13,,,,,,4369.01,,
2023-06-14,,,,,,4372.59,,
2023-06-15,,,,,,4425.84,,
2023-06-16,,,,,,4409.59,,
2023-06-19,,,,,,,,
2023-06-20,,,,,,4388.71,,
2023-06-21,,,,,,4365.69,,
2023-06-22,,,,,,4381.89,,
2023-06-23,,,,,,4348.33,,
2023-06-26,,,,,,4328.82,,
2023-06-27,,,,,,4378.41,,
2023-06-28,,,,,,4376.86,,
2023-06-29,,,,,,4396.44,,
2023-06-30,,,,,,4450.38,,
2023-07-01,22840.989,5.402919,78.986,3.5,71.5,,62.6,28074.846
2023-07-03,,,,,,4455.59,,
2023-07-04,,,,,,,,
2023-07-05,,,,,,4446.82,,
2023-07-06,,,,,,4411.59,,
2023-07-07,,,,,,4398.95,,
2023-07-10,,,,,,4409.53,,
2023-07-11,,,,,,4439.26,,
2023-07-12,,,,,,4472.16,,
2023-07-13,,,,,,4510.04,,
2023-07-14,,,,,,4505.42,,
2023-07-17,,,,,,4522.79,,
2023-07-18,,,,,,4554.98,,
2023-07-19,,,,,,4565.72,,
2023-07-20,,,,,,4534.87,,
2023-07-21,,,,,,4536.34,,
2023-07-24,,,,,,4554.64,,
2023-07-25,,,,,,4567.46,,
2023-07-26,,,,,,4566.75,,
2023-07-27,,,,,,4537.41,,
2023-07-28,,,,,,4582.23,,
2023-07-31,,,,,,4588.96,,
2023-08-01,,5.169678,78.8773,3.7,69.4,4576.73,62.8,
2023-08-02,,,,,,4513.39,,
2023-08-03,,,,,,4501.89,,
2023-08-04,,,,,,4478.03,,
2023-08-07,,,,,,4518.44,,
2023-08-08,,,,,,4499.38,,
2023-08-09,,,,,,4467.71,,
2023-08-10,,,,,,4468.83,,
2023-08-11,,,,,,4464.05,,
2023-08-14,,,,,,4489.72,,
2023-08-15,,,,,,4437.86,,
2023-08-16,,,,,,4404.33,,
2023-08-17,,,,,,4370.36,,
2023-08-18,,,,,,4369.71,,
2023-08-21,,,,,,4399.77,,
2023-08-22,,,,,,4387.55,,
2023-08-23,,,,,,4436.01,,
2023-08-24,,,,,,4376.31,,
2023-08-25,,,,,,4405.71,,
2023-08-28,,,,,,4433.31,,
2023-08-29,,,,,,4497.63,,
2023-08-30,,,,,,4514.87,,
2023-08-31,,,,,,4507.66,,
2023-09-01,,4.955445,78.9282,3.8,67.8,4515.77,62.7,
2023-09-04,,,,,,,,
2023-09-05,,,,,,4496.83,,
2023-09-06,,,,,,4465.48,,
2023-09-07,,,,,,4451.14,,
2023-09-08,,,,,,4457.49,,
2023-09-11,,,,,,4487.46,,
2023-09-12,,,,,,4461.9,,
2023-09-13,,,,,,4467.44,,
2023-09-14,,,,,,4505.1,,
2023-09-15,,,,,,4450.32,,
2023-09-18,,,,,,4453.53,,
2023-09-19,,,,,,4443.95,,
2023-09-20,,,,,,4402.2,,
2023-09-21,,,,,,4330.0,,
2023-09-22,,,,,,4320.06,,
2023-09-25,,,,,,4337.44,,
2023-09-26,,,,,,4273.53,,
2023-09-27,,,,,,4274.51,,
2023-09-28,,,,,,4299.7,,
2023-09-29,,,,,,4288.05,,
2023-10-01,23033.78,4.882717,78.2711,3.9,63.8,,62.7,28424.722
2023-10-02,,,,,,4288.39,,
2023-10-03,,,,,,4229.45,,
2023-10-04,,,,,,4263.75,,
2023-10-05,,,,,,4258.19,,
2023-10-06,,,,,,4308.5,,
2023-10-09,,,,,,4335.66,,
2023-10-10,,,,,,4358.24,,
2023-10-11,,,,,,4376.95,,
2023-10-12,,,,,,4349.61,,
2023-10-13,,,,,,4327.78,,
2023-10-16,,,,,,4373.63,,
2023-10-17,,,,,,4373.2,,
2023-10-18,,,,,,4314.6,,
2023-10-19,,,,,,4278.0,,
2023-10-20,,,,,,4224.16,,
2023-10-23,,,,,,4217.04,,
2023-10-24,,,,,,4247.68,,
2023-10-25,,,,,,4186.77,,
2023-10-26,,,,,,4137.23,,
2023-10-27,,,,,,4117.37,,
2023-10-30,,,,,,4166.82,,
2023-10-31,,,,,,4193.8,,
2023-11-01,,4.691251,78.4172,3.7,61.3,4237.86,62.8,
2023-11-02,,,,,,4317.78,,
2023-11-03,,,,,,4358.34,,
2023-11-06,,,,,,4365.98,,
2023-11-07,,,,,,4378.38,,
2023-11-08,,,,,,4382.78,,
2023-11-09,,,,,,4347.35,,
2023-11-10,,,,,,4415.24,,
2023-11-13,,,,,,4411.55,,
2023-11-14,,,,,,4495.7,,
2023-11-15,,,,,,4502.88,,
2023-11-16,,,,,,4508.24,,
2023-11-17,,,,,,4514.02,,
2023-11-20,,,,,,4547.38,,
2023-11-21,,,,,,4538.19,,
2023-11-22,,,,,,4556.62,,
2023-11-23,,,,,,,,
2023-11-24,,,,,,4559.34,,
2023-11-27,,,,,,4550.43,,
2023-11-28,,,,,,4554.89,,
2023-11-29,,,,,,4550.58,,
2023-11-30,,,,,,4567.8,,
2023-12-01,,4.557667,78.1414,3.8,69.7,4594.63,62.5,
2023-12-04,,,,,,4569.78,,
2023-12-05,,,,,,4567.18,,
2023-12-06,,,,,,4549.34,,
2023-12-07,,,,,,4585.59,,
2023-12-08,,,,,,4604.37,,
2023-12-11,,,,,,4622.44,,
2023-12-12,,,,,,4643.7,,
2023-12-13,,,,,,4707.09,,
2023-12-14,,,,,,4719.55,,
2023-12-15,,,,,,4719.19,,
2023-12-18,,,,,,4740.56,,
2023-12-19,,,,,,4768.37,,
2023-12-20,,,,,,4698.35,,
2023-12-21,,,,,,4746.75,,
2023-12-22,,,,,,4754.63,,
2023-12-25,,,,,,,,
2023-12-26,,,,,,4774.75,,
2023-12-27,,,,,,4781.58,,
2023-12-28,,,,,,4783.35,,
2023-12-29,,,,,,4769.83,,
2024-01-01,23082.119,4.601332,77.1945,3.7,79.0,,62.5,28708.161
2024-01-02,,,,,,4742.83,,
2024-01-03,,,,,,4704.81,,
2024-01-04,,,,,,4688.68,,
2024-01-05,,,,,,4697.24,,
2024-01-08,,,,,,4763.54,,
2024-01-09,,,,,,4756.5,,
2024-01-10,,,,,,4783.45,,
2024-01-11,,,,,,4780.24,,
2024-01-12,,,,,,4783.83,,
2024-01-15,,,,,,,,
2024-01-16,,,,,,4765.98,,
2024-01-17,,,,,,4739.21,,
2024-01-18,,,,,,4780.94,,
2024-01-19,,,,,,4839.81,,
2024-01-22,,,,,,4850.43,,
2024-01-23,,,,,,4864.6,,
2024-01-24,,,,,,4868.55,,
2024-01-25,,,,,,4894.16,,
2024-01-26,,,,,,4890.97,,
2024-01-29,,,,,,4927.93,,
2024-01-30,,,,,,4924.97,,
2024-01-31,,,,,,4845.65,,
2024-02-01,,4.400073,78.0707,3.9,76.9,4906.19,62.6,
2024-02-02,,,,,,4958.61,,
2024-02-05,,,,,,4942.81,,
2024-02-06,,,,,,4954.23,,
2024-02-07,,,,,,4995.06,,
2024-02-08,,,,,,4997.91,,
2024-02-09,,,,,,5026.61,,
2024-02-12,,,,,,5021.84,,
2024-02-13,,,,,,4953.17,,
2024-02-14,,,,,,5000.62,,
2024-02-15,,,,,,5029.73,,
2024-02-16,,,,,,5005.57,,
2024-02-19,,,,,,,,
2024-02-20,,,,,,4975.51,,
2024-02-21,,,,,,4981.8,,
2024-02-22,,,,,,5087.03,,
2024-02-23,,,,,,5088.8,,
2024-02-26,,,,,,5069.53,,
2024-02-27,,,,,,5078.18,,
2024-02-28,,,,,,5069.76,,
2024-02-29,,,,,,5096.27,,
2024-03-01,,4.502758,77.8455,3.9,79.4,5137.08,62.7,
2024-03-04,,,,,,5130.95,,
2024-03-05,,,,,,5078.65,,
2024-03-06,,,,,,5104.76,,
2024-03-07,,,,,,5157.36,,
2024-03-08,,,,,,5123.69,,
2024-03-11,,,,,,5117.94,,
2024-03-12,,,,,,5175.27,,
2024-03-13,,,,,,5165.31,,
2024-03-14,,,,,,5150.48,,
2024-03-15,,,,,,5117.09,,
2024-03-18,,,,,,5149.42,,
2024-03-19,,,,,,5178.51,,
2024-03-20,,,,,,5224.62,,
2024-03-21,,,,,,5241.53,,
2024-03-22,,,,,,5234.18,,
2024-03-25,,,,,,5218.19,,
2024-03-26,,,,,,5203.58,,
2024-03-27,,,,,,5248.49,,
2024-03-28,,,,,,5254.35,,
2024-03-29,,,,,,,,
2024-04-01,23286.508,4.403618,77.6572,3.9,77.2,5243.77,62.7,29147.044
2024-04-02,,,,,,5205.81,,
2024-04-03,,,,,,5211.49,,
2024-04-04,,,,,,5147.21,,
2024-04-05,,,,,,5204.34,,
2024-04-08,,,,,,5202.39,,
2024-04-09,,,,,,5209.91,,
2024-04-10,,,,,,5160.64,,
2024-04-11,,,,,,5199.06,,
2024-04-12,,,,,,5123.41,,
2024-04-15,,,,,,5061.82,,
2024-04-16,,,,,,5051.41,,
2024-04-17,,,,,,5022.21,,
2024-04-18,,,,,,5011.12,,
2024-04-19,,,,,,4967.23,,
2024-04-22,,,,,,5010.6,,
2024-04-23,,,,,,5070.55,,
2024-04-24,,,,,,5071.63,,
2024-04-25,,,,,,5048.42,,
2024-04-26,,,,,,5099.96,,
2024-04-29,,,,,,5116.17,,
2024-04-30,,,,,,5035.69,,
2024-05-01,,4.300148,78.0627,4.0,69.1,5018.39,62.6,
2024-05-02,,,,,,5064.2,,
2024-05-03,,,,,,5127.79,,
2024-05-06,,,,,,5180.74,,
2024-05-07,,,,,,5187.7,,
2024-05-08,,,,,,5187.67,,
2024-05-09,,,,,,5214.08,,
2024-05-10,,,,,,5222.68,,
2024-05-13,,,,,,5221.42,,
2024-05-14,,,,,,5246.68,,
2024-05-15,,,,,,5308.15,,
2024-05-16,,,,,,5297.1,,
2024-05-17,,,,,,5303.27,,
2024-05-20,,,,,,5308.13,,
2024-05-21,,,,,,5321.41,,
2024-05-22,,,,,,5307.01,,
2024-05-23,,,,,,5267.84,,
2024-05-24,,,,,,5304.72,,
2024-05-27,,,,,,,,
2024-05-28,,,,,,5306.04,,
2024-05-29,,,,,,5266.95,,
2024-05-30,,,,,,5235.48,,
2024-05-31,,,,,,5277.51,,
2024-06-01,,4.234733,78.1993,4.1,68.2,,62.6,
2024-06-03,,,,,,5283.4,,
2024-06-04,,,,,,5291.34,,
2024-06-05,,,,,,5354.03,,
2024-06-06,,,,,,5352.96,,
2024-06-07,,,,,,5346.99,,
2024-06-10,,,,,,5360.79,,
2024-06-11,,,,,,5375.32,,
2024-06-12,,,,,,5421.03,,
2024-06-13,,,,,,5433.74,,
2024-06-14,,,,,,5431.6,,
2024-06-17,,,,,,5473.23,,
2024-06-18,,,,,,5487.03,,
2024-06-19,,,,,,,,
2024-06-20,,,,,,5473.17,,
2024-06-21,,,,,,5464.62,,
2024-06-24,,,,,,5447.87,,
2024-06-25,,,,,,5469.3,,
2024-06-26,,,,,,5477.9,,
2024-06-27,,,,,,5482.87,,
2024-06-28,,,,,,5460.48,,
2024-07-01,23478.57,4.179707,77.5681,4.2,66.4,5475.09,62.7,29511.664
2024-07-02,,,,,,5509.01,,
2024-07-03,,,,,,5537.02,,
2024-07-04,,,,,,,,
2024-07-05,,,,,,5567.19,,
2024-07-08,,,,,,5572.85,,
2024-07-09,,,,,,5576.98,,
2024-07-10,,,,,,5633.91,,
2024-07-11,,,,,,5584.54,,
2024-07-12,,,,,,5615.35,,
2024-07-15,,,,,,5631.22,,
2024-07-16,,,,,,5667.2,,
2024-07-17,,,,,,5588.27,,
2024-07-18,,,,,,5544.59,,
2024-07-19,,,,,,5505.0,,
2024-07-22,,,,,,5564.41,,
2024-07-23,,,,,,5555.74,,
2024-07-24,,,,,,5427.13,,
2024-07-25,,,,,,5399.22,,
2024-07-26,,,,,,5459.1,,
2024-07-29,,,,,,5463.54,,
2024-07-30,,,,,,5436.44,,
2024-07-31,,,,,,5522.3,,
2024-08-01,,4.112096,77.8658,4.2,67.9,5446.68,62.7,
2024-08-02,,,,,,5346.56,,
2024-08-05,,,,,,5186.33,,
2024-08-06,,,,,,5240.03,,
2024-08-07,,,,,,5199.5,,
2024-08-08,,,,,,5319.31,,
2024-08-09,,,,,,5344.16,,
2024-08-12,,,,,,5344.39,,
2024-08-13,,,,,,5434.43,,
2024-08-14,,,,,,5455.21,,
2024-08-15,,,,,,5543.22,,
2024-08-16,,,,,,5554.25,,
2024-08-19,,,,,,5608.25,,
2024-08-20,,,,,,5597.12,,
2024-08-21,,,,,,5620.85,,
2024-08-22,,,,,,5570.64,,
2024-08-23,,,,,,5634.61,,
2024-08-26,,,,,,5616.84,,
2024-08-27,,,,,,5625.8,,
2024-08-28,,,,,,5592.18,,
2024-08-29,,,,,,5591.96,,
2024-08-30,,,,,,5648.4,,
2024-09-01,,4.012724,77.4591,4.1,70.3,,62.7,
2024-09-02,,,,,,,,
2024-09-03,,,,,,5528.93,,
2024-09-04,,,,,,5520.07,,
2024-09-05,,,,,,5503.41,,
2024-09-06,,,,,,5408.42,,
2024-09-09,,,,,,5471.05,,
2024-09-10,,,,,,5495.52,,
2024-09-11,,,,,,5554.13,,
2024-09-12,,,,,,5595.76,,
2024-09-13,,,,,,5626.02,,
2024-09-16,,,,,,5633.09,,
2024-09-17,,,,,,5634.58,,
2024-09-18,,,,,,5618.26,,
2024-09-19,,,,,,5713.64,,
2024-09-20,,,,,,5702.55,,
2024-09-23,,,,,,5718.57,,
2024-09-24,,,,,,5732.93,,
2024-09-25,,,,,,5722.26,,
2024-09-26,,,,,,5745.37,,
2024-09-27,,,,,,5738.17,,
2024-09-30,,,,,,5762.48,,
2024-10-01,23586.542,3.963395,77.0806,4.1,70.5,5708.75,62.5,29825.182
2024-10-02,,,,,,5709.54,,
2024-10-03,,,,,,5699.94,,
2024-10-04,,,,,,5751.07,,
2024-10-07,,,,,,5695.94,,
2024-10-08,,,,,,5751.13,,
2024-10-09,,,,,,5792.04,,
2024-10-10,,,,,,5780.05,,
2024-10-11,,,,,,5815.03,,
2024-10-14,,,,,,5859.85,,
2024-10-15,,,,,,5815.26,,
2024-10-16,,,,,,5842.47,,
2024-10-17,,,,,,5841.47,,
2024-10-18,,,,,,5864.67,,
2024-10-21,,,,,,5853.98,,
2024-10-22,,,,,,5851.2,,
2024-10-23,,,,,,5797.42,,
2024-10-24,,,,,,5809.86,,
2024-10-25,,,,,,5808.12,,
2024-10-28,,,,,,5823.52,,
2024-10-29,,,,,,5832.92,,
2024-10-30,,,,,,5813.67,,
2024-10-31,,,,,,5705.45,,
2024-11-01,,3.876177,76.7875,4.2,71.8,5728.8,62.5,
2024-11-04,,,,,,5712.69,,
2024-11-05,,,,,,5782.76,,
2024-11-06,,,,,,5929.04,,
2024-11-07,,,,,,5973.1,,
2024-11-08,,,,,,5995.54,,
2024-11-11,,,,,,6001.35,,
2024-11-12,,,,,,5983.99,,
2024-11-13,,,,,,5985.38,,
2024-11-14,,,,,,5949.17,,
2024-11-15,,,,,,5870.62,,
2024-11-18,,,,,,5893.62,,
2024-11-19,,,,,,5916.98,,
2024-11-20,,,,,,5917.11,,
2024-11-21,,,,,,5948.71,,
2024-11-22,,,,,,5969.34,,
2024-11-25,,,,,,5987.37,,
2024-11-26,,,,,,6021.63,,
2024-11-27,,,,,,5998.74,,
2024-11-28,,,,,,,,
2024-11-29,,,,,,6032.38,,
2024-12-01,,3.746553,77.5136,4.1,74.0,,62.5,
2024-12-02,,,,,,6047.15,,
2024-12-03,,,,,,6049.88,,
2024-12-04,,,,,,6086.49,,
2024-12-05,,,,,,6075.11,,
2024-12-06,,,,,,6090.27,,
2024-12-09,,,,,,6052.85,,
2024-12-10,,,,,,6034.91,,
2024-12-11,,,,,,6084.19,,
2024-12-12,,,,,,6051.25,,
2024-12-13,,,,,,6051.09,,
2024-12-16,,,,,,6074.08,,
2024-12-17,,,,,,6050.61,,
2024-12-18,,,,,,5872.16,,
2024-12-19,,,,,,5867.08,,
2024-12-20,,,,,,5930.85,,
2024-12-23,,,,,,5974.07,,
2024-12-24,,,,,,6040.04,,
2024-12-25,,,,,,,,
2024-12-26,,,,,,6037.59,,
2024-12-27,,,,,,5970.84,,
2024-12-30,,,,,,5906.94,,
2024-12-31,,,,,,5881.63,,
2025-01-01,23548.21,3.625276327,77.2923,4.0,71.7,,62.6,30042.113
2025-01-02,,,,,,5868.55,,
2025-01-03,,,,,,5942.47,,
2025-01-06,,,,,,5975.38,,
2025-01-07,,,,,,5909.03,,
2025-01-08,,,,,,5918.25,,
2025-01-09,,,,,,,,
2025-01-10,,,,,,5827.04,,
2025-01-13,,,,,,5836.22,,
2025-01-14,,,,,,5842.91,,
2025-01-15,,,,,,5949.91,,
2025-01-16,,,,,,5937.34,,
2025-01-17,,,,,,5996.66,,
2025-01-20,,,,,,,,
2025-01-21,,,,,,6049.24,,
2025-01-22,,,,,,6086.37,,
2025-01-23,,,,,,6118.71,,
2025-01-24,,,,,,6101.24,,
2025-01-27,,,,,,6012.28,,
2025-01-28,,,,,,6067.7,,
2025-01-29,,,,,,6039.31,,
2025-01-30,,,,,,6071.17,,
2025-01-31,,,,,,6040.53,,
2025-02-01,,3.516515255,77.9359,4.1,64.7,,62.4,
2025-02-03,,,,,,5994.57,,
2025-02-04,,,,,,6037.88,,
2025-02-05,,,,,,6061.48,,
2025-02-06,,,,,,6083.57,,
2025-02-07,,,,,,6025.99,,
2025-02-10,,,,,,6066.44,,
2025-02-11,,,,,,6068.5,,
2025-02-12,,,,,,6051.97,,
2025-02-13,,,,,,6115.07,,
2025-02-14,,,,,,6114.63,,
2025-02-17,,,,,,,,
2025-02-18,,,,,,6129.58,,
2025-02-19,,,,,,6144.15,,
2025-02-20,,,,,,6117.52,,
2025-02-21,,,,,,6013.13,,
2025-02-24,,,,,,5983.25,,
2025-02-25,,,,,,5955.25,,
2025-02-26,,,,,,5956.06,,
2025-02-27,,,,,,5861.57,,
2025-02-28,,,,,,5954.5,,
2025-03-01,,3.257815123,77.588,4.2,57.0,,62.5,
2025-03-03,,,,,,5849.72,,
2025-03-04,,,,,,5778.15,,
2025-03-05,,,,,,5842.63,,
2025-03-06,,,,,,5738.52,,
2025-03-07,,,,,,5770.2,,
2025-03-10,,,,,,5614.56,,
2025-03-11,,,,,,5572.07,,
2025-03-12,,,,,,5599.3,,
2025-03-13,,,,,,5521.52,,
2025-03-14,,,,,,5638.94,,
2025-03-17,,,,,,5675.12,,
2025-03-18,,,,,,5614.66,,
2025-03-19,,,,,,5675.29,,
2025-03-20,,,,,,5662.89,,
2025-03-21,,,,,,5667.56,,
2025-03-24,,,,,,5767.57,,
2025-03-25,,,,,,5776.65,,
2025-03-26,,,,,,5712.2,,
2025-03-27,,,,,,5693.31,,
2025-03-28,,,,,,5580.94,,
2025-03-31,,,,,,5611.85,,
2025-04-01,23770.976,3.176689863,77.5487,4.2,52.2,5633.07,62.6,30485.729
2025-04-02,,,,,,5670.97,,
2025-04-03,,,,,,5396.52,,
2025-04-04,,,,,,5074.08,,
2025-04-07,,,,,,5062.25,,
2025-04-08,,,,,,4982.77,,
2025-04-09,,,,,,5456.9,,
2025-04-10,,,,,,5268.05,,
2025-04-11,,,,,,5363.36,,
2025-04-14,,,,,,5405.97,,
2025-04-15,,,,,,5396.63,,
2025-04-16,,,,,,5275.7,,
2025-04-17,,,,,,5282.7,,
2025-04-18,,,,,,,,
2025-04-21,,,,,,5158.2,,
2025-04-22,,,,,,5287.76,,
2025-04-23,,,,,,5375.86,,
2025-04-24,,,,,,5484.77,,
2025-04-25,,,,,,5525.21,,
2025-04-28,,,,,,5528.75,,
2025-04-29,,,,,,5560.83,,
2025-04-30,,,,,,5569.06,,
2025-05-01,,3.15913105,77.4743,4.2,52.2,5604.14,62.4,
2025-05-02,,,,,,5686.67,,
2025-05-05,,,,,,5650.38,,
2025-05-06,,,,,,5606.91,,
2025-05-07,,,,,,5631.28,,
2025-05-08,,,,,,5663.94,,
2025-05-09,,,,,,5659.91,,
2025-05-12,,,,,,5844.19,,
2025-05-13,,,,,,5886.55,,
2025-05-14,,,,,,5892.58,,
2025-05-15,,,,,,5916.93,,
2025-05-16,,,,,,5958.38,,
2025-05-19,,,,,,5963.6,,
2025-05-20,,,,,,5940.46,,
2025-05-21,,,,,,5844.61,,
2025-05-22,,,,,,5842.01,,
2025-05-23,,,,,,5802.82,,
2025-05-26,,,,,,,,
2025-05-27,,,,,,5921.54,,
2025-05-28,,,,,,5888.55,,
2025-05-29,,,,,,5912.17,,
2025-05-30,,,,,,5911.69,,
2025-06-01,,3.288774014,77.7883,4.1,60.7,,62.3,
2025-06-02,,,,,,5935.94,,
2025-06-03,,,,,,5970.37,,
2025-06-04,,,,,,5970.81,,
2025-06-05,,,,,,5939.3,,
2025-06-06,,,,,,6000.36,,
2025-06-09,,,,,,6005.88,,
2025-06-10,,,,,,6038.81,,
2025-06-11,,,,,,6022.24,,
2025-06-12,,,,,,6045.26,,
2025-06-13,,,,,,5976.97,,
2025-06-16,,,,,,6033.11,,
2025-06-17,,,,,,5982.72,,
2025-06-18,,,,,,5980.87,,
2025-06-19,,,,,,,,
2025-06-20,,,,,,5967.84,,
2025-06-23,,,,,,6025.17,,
2025-06-24,,,,,,6092.18,,
2025-06-25,,,,,,6092.16,,
2025-06-26,,,,,,6141.02,,
2025-06-27,,,,,,6173.07,,
2025-06-30,,,,,,6204.95,,
2025-07-01,,3.419810534,77.3974,4.2,61.7,6198.01,62.2,
2025-07-02,,,,,,6227.42,,
2025-07-03,,,,,,6279.35,,
2025-07-04,,,,,,,,
2025-07-07,,,,,,6229.98,,
2025-07-08,,,,,,6225.52,,
2025-07-09,,,,,,6263.26,,
2025-07-10,,,,,,6280.46,,
2025-07-11,,,,,,6259.75,,
2025-07-14,,,,,,6268.56,,
2025-07-15,,,,,,6243.76,,
2025-07-16,,,,,,6263.7,,
2025-07-17,,,,,,6297.36,,
2025-07-18,,,,,,6296.79,,
2025-07-21,,,,,,6305.6,,
2025-07-22,,,,,,6309.62,,
2025-07-23,,,,,,6358.91,,
2025-07-24,,,,,,6363.35,,
2025-07-25,,,,,,6388.64,,
2025-07-28,,,,,,6389.77,,
2025-07-29,,,,,,6370.86,,
2025-07-30,,,,,,6362.9,,
2025-07-31,,,,,,6339.39,,
2025-08-01,,3.4,77.376,4.3,58.2,6238.01,62.3,
2025-08-04,,,,,,6329.94,,
2025-08-05,,,,,,6299.19,,
2025-08-06,,,,,,6345.06,,
2025-08-07,,,,,,6340.0,,
2025-08-08,,,,,,6389.45,,
2025-08-11,,,,,,6373.45,,
2025-08-12,,,,,,6445.76,,
2025-08-13,,,,,,6466.58,,
2025-08-14,,,,,,6468.54,,
2025-08-15,,,,,,6449.8,,
2025-08-18,,,,,,6449.15,,
2025-08-19,,,,,,6411.37,,
2025-08-20,,,,,,6395.78,,
2025-08-21,,,,,,6370.17,,
2025-08-22,,,,,,6466.91,,
2025-08-25,,,,,,6439.32,,
2025-08-26,,,,,,6465.94,,
2025-08-27,,,,,,6481.4,,
2025-08-28,,,,,,6501.86,,
2025-08-29,,,,,,6460.26,,
2025-09-01,,,,,,,,
2025-09-02,,,,,,6415.54,,
2025-09-03,,,,,,6448.26,,
2025-09-04,,,,,,6502.08,,
2025-09-05,,,,,,6481.5,,
2025-09-08,,,,,,6495.15,,
2025-09-09,,,,,,6512.61,,
2025-09-10,,,,,,6532.04,,
2025-09-11,,,,,,6587.47,,
2025-09-12,,,,,,6584.29,,
2025-09-15,,,,,,6615.28,,
2025-09-16,,,,,,6606.76,,
2025-09-17,,,,,,6600.35,,
2025-09-18,,,,,,6631.96,,
2025-09-19,,,,,,6664.36,,
2025-09-22,,,,,,6693.75,,
2025-09-23,,,,,,6656.92,,
2025-09-24,,,,,,6637.97,,
2025-09-25,,,,,,6604.72,,
2025-09-26,,,,,,6643.7,,
2025-09-29,,,,,,6661.21,,
2025-09-30,,,,,,6688.46,,
2025-10-01,,,,,,6711.2,,
2025-10-02,,,,,,6715.35,,
2025-10-03,,,,,,6715.79,,
2025-10-06,,,,,,6740.28,,
2025-10-07,,,,,,6714.59,,
2025-10-08,,,,,,6753.72,,
2025-10-09,,,,,,6735.11,,
2025-10-10,,,,,,6552.51,,
2025-10-13,,,,,,6654.72,,
2025-10-14,,,,,,6644.31,,
2025-10-15,,,,,,6671.06,,
2025-10-16,,,,,,6629.07,,
2025-10-17,,,,,,6664.01,,
2025-10-20,,,,,,6735.13,,
